unit_id,product_type,supplier,bom_complexity,supplier_quality,is_defective,defect_stage,defect_detected,detection_stage,reworked,scrapped,lead_time,total_cost,energy_kwh,co2_kg,scqrs_score,paradigm
0,VRF_System,Supplier_A,0.9,0.92,False,,False,,False,False,118.22435917254862,8650.0,25.2,13.2,64.05383729228991,Industry 3.0
2,VRF_System,Supplier_C,0.9,0.78,False,,False,,False,False,113.13910310809044,6150.0,25.2,13.2,62.86386509381767,Industry 3.0
3,Cassette_AC,Supplier_B,0.6,0.85,False,,False,,False,False,114.8961724593056,7350.0,25.2,13.2,45.261047546582276,Industry 3.0
4,Cassette_AC,Supplier_B,0.6,0.85,False,,False,,False,False,116.68510032762816,7350.0,25.2,13.2,47.741677608398334,Industry 3.0
6,Cassette_AC,Supplier_C,0.6,0.78,False,,False,,False,False,112.7116990018263,6150.0,25.2,13.2,48.507477274016054,Industry 3.0
1,VRF_System,Supplier_C,0.9,0.78,True,brazing,True,final_inspection,True,False,166.30598721091104,8650.0,40.2,20.7,72.34928314680744,Industry 3.0
5,VRF_System,Supplier_A,0.9,0.92,False,,False,,False,False,130.05913499108829,8650.0,25.2,13.2,61.2613363797148,Industry 3.0
7,Split_AC,Supplier_C,0.4,0.78,False,,False,,False,False,130.17012849276153,6150.0,25.2,13.2,38.96237007036132,Industry 3.0
8,VRF_System,Supplier_B,0.9,0.85,False,,False,,False,False,128.38116683802673,7350.0,25.2,13.2,63.100136562016246,Industry 3.0
9,VRF_System,Supplier_C,0.9,0.78,False,,False,,False,False,125.36385657270236,6150.0,25.2,13.2,63.060824915895054,Industry 3.0
13,Cassette_AC,Supplier_B,0.6,0.85,False,,False,,False,False,105.68349270459629,7350.0,25.2,13.2,46.017742620474436,Industry 3.0
10,VRF_System,Supplier_B,0.9,0.85,False,,False,,False,False,134.91234283964124,7350.0,25.2,13.2,70.72190607182245,Industry 3.0
12,VRF_System,Supplier_B,0.9,0.85,False,,False,,False,False,134.39513166489502,7350.0,25.2,13.2,63.325445035674036,Industry 3.0
11,Split_AC,Supplier_C,0.4,0.78,False,,False,,False,False,143.9789695115144,6150.0,25.2,13.2,41.71081135619967,Industry 3.0
15,VRF_System,Supplier_B,0.9,0.85,False,,False,,False,False,120.16058614204809,7350.0,25.2,13.2,62.26915255503516,Industry 3.0
16,VRF_System,Supplier_B,0.9,0.85,False,,False,,False,False,116.23471840073489,7350.0,25.2,13.2,64.36407857089736,Industry 3.0
17,Split_AC,Supplier_A,0.4,0.92,False,,False,,False,False,120.0277623559451,8650.0,25.2,13.2,32.984134721568424,Industry 3.0
14,VRF_System,Supplier_C,0.9,0.78,False,,False,,False,False,155.32288275103645,6150.0,25.2,13.2,66.34686623121507,Industry 3.0
18,Cassette_AC,Supplier_B,0.6,0.85,False,,False,,False,False,132.3574851405655,7350.0,25.2,13.2,47.64535627900733,Industry 3.0
19,Split_AC,Supplier_B,0.4,0.85,True,brazing,False,,False,False,121.5807927611009,7350.0,25.2,13.2,40.27583146762652,Industry 3.0
23,Split_AC,Supplier_B,0.4,0.85,False,,False,,False,False,108.61979188599494,7350.0,25.2,13.2,44.74889385564977,Industry 3.0
20,Cassette_AC,Supplier_C,0.6,0.78,False,,False,,False,False,131.69940632242626,6150.0,25.2,13.2,51.787710219074484,Industry 3.0
21,VRF_System,Supplier_A,0.9,0.92,False,,False,,False,False,133.93878072822136,8650.0,25.2,13.2,61.41202931393492,Industry 3.0
22,Split_AC,Supplier_A,0.4,0.92,True,painting,False,,False,False,136.71194283457692,8650.0,25.2,13.2,37.0165014291953,Industry 3.0
26,Cassette_AC,Supplier_C,0.6,0.78,False,,False,,False,False,121.85966081363938,6150.0,25.2,13.2,50.153150884359746,Industry 3.0
25,Split_AC,Supplier_A,0.4,0.92,False,,False,,False,False,145.34150851641556,8650.0,25.2,13.2,31.70197520152809,Industry 3.0
28,VRF_System,Supplier_B,0.9,0.85,False,,False,,False,False,134.0954728689024,7350.0,25.2,13.2,63.74180345877226,Industry 3.0
27,Cassette_AC,Supplier_A,0.6,0.92,False,,False,,False,False,148.05867355814308,8650.0,25.2,13.2,46.49733969922621,Industry 3.0
24,Split_AC,Supplier_B,0.4,0.85,True,brazing,True,final_inspection,True,False,184.23557682592497,9850.0,40.2,20.7,37.2236746639619,Industry 3.0
30,Cassette_AC,Supplier_B,0.6,0.85,False,,False,,False,False,128.89191370751405,7350.0,25.2,13.2,51.884857502664744,Industry 3.0
29,Split_AC,Supplier_A,0.4,0.92,False,,False,,False,False,144.61119257684834,8650.0,25.2,13.2,38.07707083208442,Industry 3.0
32,Split_AC,Supplier_A,0.4,0.92,False,,False,,False,False,123.49247630233981,8650.0,25.2,13.2,39.906218775874244,Industry 3.0
31,Split_AC,Supplier_A,0.4,0.92,False,,False,,False,False,138.15800047564204,8650.0,25.2,13.2,34.90645494401794,Industry 3.0
33,Cassette_AC,Supplier_B,0.6,0.85,False,,False,,False,False,127.44765357612545,7350.0,25.2,13.2,51.84100434617632,Industry 3.0
34,Cassette_AC,Supplier_A,0.6,0.92,False,,False,,False,False,129.003695594828,8650.0,25.2,13.2,45.296547609508465,Industry 3.0
36,Cassette_AC,Supplier_A,0.6,0.92,False,,False,,False,False,126.23646214533238,8650.0,25.2,13.2,43.6685358750271,Industry 3.0
35,Split_AC,Supplier_B,0.4,0.85,False,,False,,False,False,142.03510351898,7350.0,25.2,13.2,39.31338633503998,Industry 3.0
38,Cassette_AC,Supplier_C,0.6,0.78,False,,False,,False,False,118.67732974949541,6150.0,25.2,13.2,49.31619308297098,Industry 3.0
37,Cassette_AC,Supplier_A,0.6,0.92,True,assembly,False,,False,False,133.83313243692425,8650.0,25.2,13.2,46.327301636105396,Industry 3.0
40,Cassette_AC,Supplier_B,0.6,0.85,False,,False,,False,False,115.9634873635149,7350.0,25.2,13.2,49.82419082399342,Industry 3.0
39,VRF_System,Supplier_C,0.9,0.78,False,,False,,False,False,128.88790827752013,6150.0,25.2,13.2,65.40688913071915,Industry 3.0
42,Cassette_AC,Supplier_C,0.6,0.78,False,,False,,False,False,129.50271976226236,6150.0,25.2,13.2,49.689526111502076,Industry 3.0
41,Cassette_AC,Supplier_C,0.6,0.78,False,,False,,False,False,145.94090709522817,6150.0,25.2,13.2,46.36607984006768,Industry 3.0
43,Split_AC,Supplier_B,0.4,0.85,False,,False,,False,False,137.6587265358056,7350.0,25.2,13.2,43.64213191088088,Industry 3.0
44,VRF_System,Supplier_B,0.9,0.85,False,,False,,False,False,135.27781818125987,7350.0,25.2,13.2,67.04845491718807,Industry 3.0
45,VRF_System,Supplier_B,0.9,0.85,False,,False,,False,False,131.14924717803916,7350.0,25.2,13.2,69.31602513292488,Industry 3.0
46,VRF_System,Supplier_C,0.9,0.78,False,,False,,False,False,127.43330197569855,6150.0,25.2,13.2,61.09933550903645,Industry 3.0
48,Cassette_AC,Supplier_A,0.6,0.92,False,,False,,False,False,118.87721682790936,8650.0,25.2,13.2,50.63529944455982,Industry 3.0
47,Cassette_AC,Supplier_C,0.6,0.78,False,,False,,False,False,150.65918324749492,6150.0,25.2,13.2,51.92572945712391,Industry 3.0
51,Cassette_AC,Supplier_B,0.6,0.85,False,,False,,False,False,130.61141942070765,7350.0,25.2,13.2,43.57390599073951,Industry 3.0
50,Split_AC,Supplier_A,0.4,0.92,True,testing,True,final_inspection,False,True,151.14776747325072,20650.0,25.2,13.2,33.941332139026045,Industry 3.0
53,Split_AC,Supplier_B,0.4,0.85,False,,False,,False,False,126.4066570151216,7350.0,25.2,13.2,40.58374892100751,Industry 3.0
52,Cassette_AC,Supplier_C,0.6,0.78,False,,False,,False,False,153.33935188716623,6150.0,25.2,13.2,55.54361958995845,Industry 3.0
54,VRF_System,Supplier_B,0.9,0.85,True,cutting,False,,False,False,134.622914369142,7350.0,25.2,13.2,67.29445326241603,Industry 3.0
49,Cassette_AC,Supplier_A,0.6,0.92,True,assembly,True,final_inspection,True,False,200.15699071476502,11150.0,40.2,20.7,48.017119597549865,Industry 3.0
56,VRF_System,Supplier_A,0.9,0.92,False,,False,,False,False,132.09038333047602,8650.0,25.2,13.2,66.13899378991292,Industry 3.0
57,VRF_System,Supplier_C,0.9,0.78,False,,False,,False,False,133.76050010012602,6150.0,25.2,13.2,67.46532721458466,Industry 3.0
60,Cassette_AC,Supplier_B,0.6,0.85,False,,False,,False,False,112.68942648827044,7350.0,25.2,13.2,50.987031922420655,Industry 3.0
58,Split_AC,Supplier_C,0.4,0.78,False,,False,,False,False,144.1064796085467,6150.0,25.2,13.2,39.126500767877005,Industry 3.0
61,Split_AC,Supplier_B,0.4,0.85,False,,False,,False,False,125.94483093231327,7350.0,25.2,13.2,30.14888878671054,Industry 3.0
55,Split_AC,Supplier_B,0.4,0.85,True,testing,True,final_inspection,True,False,194.92942281102728,9850.0,40.2,20.7,38.16273679714303,Industry 3.0
59,Split_AC,Supplier_A,0.4,0.92,True,cutting,False,,False,False,154.42714823136794,8650.0,25.2,13.2,25.915757912276078,Industry 3.0
63,Cassette_AC,Supplier_A,0.6,0.92,False,,False,,False,False,123.04779323013054,8650.0,25.2,13.2,47.24216321739358,Industry 3.0
62,Split_AC,Supplier_C,0.4,0.78,True,brazing,True,final_inspection,False,True,142.2046843480697,18150.0,25.2,13.2,45.011827440981875,Industry 3.0
64,Split_AC,Supplier_A,0.4,0.92,False,,False,,False,False,127.01343916976975,8650.0,25.2,13.2,38.0887078920001,Industry 3.0
66,Split_AC,Supplier_A,0.4,0.92,False,,False,,False,False,118.01743513582278,8650.0,25.2,13.2,38.91829158484106,Industry 3.0
65,Split_AC,Supplier_B,0.4,0.85,False,,False,,False,False,141.27344477330257,7350.0,25.2,13.2,37.068991712381646,Industry 3.0
68,Cassette_AC,Supplier_A,0.6,0.92,False,,False,,False,False,124.01110665525698,8650.0,25.2,13.2,47.30746238901969,Industry 3.0
69,Cassette_AC,Supplier_C,0.6,0.78,False,,False,,False,False,123.28657984810684,6150.0,25.2,13.2,50.13613282366815,Industry 3.0
70,VRF_System,Supplier_A,0.9,0.92,False,,False,,False,False,128.74984573129882,8650.0,25.2,13.2,62.913642710010706,Industry 3.0
67,VRF_System,Supplier_A,0.9,0.92,True,brazing,True,final_inspection,True,False,169.45509630075537,11150.0,40.2,20.7,68.86397447293686,Industry 3.0
73,Split_AC,Supplier_B,0.4,0.85,False,,False,,False,False,110.78514250995568,7350.0,25.2,13.2,33.45324199322961,Industry 3.0
71,Cassette_AC,Supplier_A,0.6,0.92,False,,False,,False,False,144.42702285566008,8650.0,25.2,13.2,48.08315168759792,Industry 3.0
75,VRF_System,Supplier_A,0.9,0.92,False,,False,,False,False,111.75506604719442,8650.0,25.2,13.2,60.572439613837716,Industry 3.0
72,Cassette_AC,Supplier_B,0.6,0.85,False,,False,,False,False,147.16782910021425,7350.0,25.2,13.2,45.72385168235916,Industry 3.0
74,Cassette_AC,Supplier_A,0.6,0.92,False,,False,,False,False,135.47717125840893,8650.0,25.2,13.2,48.37238620188465,Industry 3.0
78,VRF_System,Supplier_A,0.9,0.92,False,,False,,False,False,119.94686224711302,8650.0,25.2,13.2,58.47489567562836,Industry 3.0
76,VRF_System,Supplier_A,0.9,0.92,True,assembly,False,,False,False,139.3181352172412,8650.0,25.2,13.2,56.265311853256506,Industry 3.0
79,Cassette_AC,Supplier_C,0.6,0.78,False,,False,,False,False,128.16945501224097,6150.0,25.2,13.2,45.89957870203712,Industry 3.0
80,Cassette_AC,Supplier_A,0.6,0.92,False,,False,,False,False,114.88975124512774,8650.0,25.2,13.2,48.16585164840262,Industry 3.0
77,Split_AC,Supplier_C,0.4,0.78,False,,False,,False,False,167.3717477029112,6150.0,25.2,13.2,42.00735410611793,Industry 3.0
81,Cassette_AC,Supplier_B,0.6,0.85,False,,False,,False,False,122.53508557747489,7350.0,25.2,13.2,49.57063066635351,Industry 3.0
83,Split_AC,Supplier_B,0.4,0.85,False,,False,,False,False,114.26455821745765,7350.0,25.2,13.2,34.49160448677961,Industry 3.0
82,VRF_System,Supplier_A,0.9,0.92,False,,False,,False,False,131.162625104933,8650.0,25.2,13.2,54.82931892077363,Industry 3.0
84,Split_AC,Supplier_C,0.4,0.78,False,,False,,False,False,122.3601578935353,6150.0,25.2,13.2,39.12487461596391,Industry 3.0
86,Split_AC,Supplier_B,0.4,0.85,False,,False,,False,False,114.8962480317216,7350.0,25.2,13.2,35.867778381374094,Industry 3.0
85,VRF_System,Supplier_A,0.9,0.92,False,,False,,False,False,125.14936663959725,8650.0,25.2,13.2,61.03315076337969,Industry 3.0
87,VRF_System,Supplier_A,0.9,0.92,False,,False,,False,False,130.33569743025794,8650.0,25.2,13.2,65.01105249783919,Industry 3.0
89,VRF_System,Supplier_A,0.9,0.92,False,,False,,False,False,124.08841573953237,8650.0,25.2,13.2,61.7930451025628,Industry 3.0
88,Split_AC,Supplier_A,0.4,0.92,False,,False,,False,False,149.4032099414053,8650.0,25.2,13.2,30.832776639242557,Industry 3.0
91,Cassette_AC,Supplier_A,0.6,0.92,False,,False,,False,False,133.0130466729421,8650.0,25.2,13.2,49.588016033503195,Industry 3.0
90,Split_AC,Supplier_A,0.4,0.92,False,,False,,False,False,149.5053136094299,8650.0,25.2,13.2,37.52535315069086,Industry 3.0
92,Split_AC,Supplier_C,0.4,0.78,False,,False,,False,False,145.99929745849033,6150.0,25.2,13.2,43.47867047340938,Industry 3.0
93,VRF_System,Supplier_A,0.9,0.92,False,,False,,False,False,149.8682105272312,8650.0,25.2,13.2,61.676249692614476,Industry 3.0
95,VRF_System,Supplier_C,0.9,0.78,False,,False,,False,False,147.6844284202823,6150.0,25.2,13.2,60.87382799801294,Industry 3.0
94,VRF_System,Supplier_A,0.9,0.92,True,brazing,True,final_inspection,True,False,183.48773834723227,11150.0,40.2,20.7,59.546287546293044,Industry 3.0
97,Cassette_AC,Supplier_A,0.6,0.92,False,,False,,False,False,162.84595389858896,8650.0,25.2,13.2,55.051700627328344,Industry 3.0
96,Cassette_AC,Supplier_A,0.6,0.92,True,assembly,True,final_inspection,True,False,199.18546329761546,11150.0,40.2,20.7,37.8495604269047,Industry 3.0
98,Cassette_AC,Supplier_A,0.6,0.92,False,,False,,False,False,197.22073590682476,8650.0,25.2,13.2,43.561979502405784,Industry 3.0
100,VRF_System,Supplier_B,0.9,0.85,False,,False,,False,False,185.0101827715282,7350.0,25.2,13.2,62.802463430880145,Industry 3.0
101,VRF_System,Supplier_C,0.9,0.78,False,,False,,False,False,187.70073303419588,6150.0,25.2,13.2,61.18822846743695,Industry 3.0
103,VRF_System,Supplier_B,0.9,0.85,False,,False,,False,False,178.37142265184434,7350.0,25.2,13.2,60.92382758509907,Industry 3.0
99,Cassette_AC,Supplier_B,0.6,0.85,True,testing,True,final_inspection,True,False,220.28144448040052,9850.0,40.2,20.7,44.90775973842936,Industry 3.0
102,Cassette_AC,Supplier_B,0.6,0.85,False,,False,,False,False,194.48593370369372,7350.0,25.2,13.2,49.275469099016576,Industry 3.0
105,VRF_System,Supplier_B,0.9,0.85,False,,False,,False,False,175.20800957502843,7350.0,25.2,13.2,65.14587774156162,Industry 3.0
104,VRF_System,Supplier_B,0.9,0.85,False,,False,,False,False,191.6088508632415,7350.0,25.2,13.2,62.344307606748075,Industry 3.0
108,VRF_System,Supplier_C,0.9,0.78,False,,False,,False,False,160.6414010808187,6150.0,25.2,13.2,55.21497917496234,Industry 3.0
107,Split_AC,Supplier_B,0.4,0.85,False,,False,,False,False,180.4791575474294,7350.0,25.2,13.2,36.76137509146919,Industry 3.0
109,Split_AC,Supplier_B,0.4,0.85,False,,False,,False,False,171.56461695695066,7350.0,25.2,13.2,33.11500692230848,Industry 3.0
110,Split_AC,Supplier_C,0.4,0.78,False,,False,,False,False,173.86122769164263,6150.0,25.2,13.2,38.20505654118603,Industry 3.0
112,Split_AC,Supplier_B,0.4,0.85,False,,False,,False,False,173.72156871367451,7350.0,25.2,13.2,34.35362745146929,Industry 3.0
106,VRF_System,Supplier_B,0.9,0.85,True,cutting,True,final_inspection,True,False,219.69363736571336,9850.0,40.2,20.7,60.98725204954435,Industry 3.0
113,Cassette_AC,Supplier_A,0.6,0.92,False,,False,,False,False,169.75695844481834,8650.0,25.2,13.2,46.685839967144524,Industry 3.0
111,Cassette_AC,Supplier_C,0.6,0.78,True,assembly,True,final_inspection,False,True,189.1659501707245,18150.0,25.2,13.2,48.945911654345736,Industry 3.0
114,Split_AC,Supplier_A,0.4,0.92,False,,False,,False,False,170.68851404435281,8650.0,25.2,13.2,33.35368901222783,Industry 3.0
115,VRF_System,Supplier_A,0.9,0.92,False,,False,,False,False,171.72917365682156,8650.0,25.2,13.2,61.57723674269431,Industry 3.0
116,VRF_System,Supplier_B,0.9,0.85,False,,False,,False,False,168.7796547904902,7350.0,25.2,13.2,62.06063703076038,Industry 3.0
118,Split_AC,Supplier_C,0.4,0.78,False,,False,,False,False,165.18199399166429,6150.0,25.2,13.2,38.18772982768334,Industry 3.0
117,VRF_System,Supplier_C,0.9,0.78,False,,False,,False,False,180.53520116808886,6150.0,25.2,13.2,69.29027742264957,Industry 3.0
120,Split_AC,Supplier_C,0.4,0.78,False,,False,,False,False,169.72971492181182,6150.0,25.2,13.2,38.114536861505755,Industry 3.0
119,Cassette_AC,Supplier_A,0.6,0.92,False,,False,,False,False,186.58550140900957,8650.0,25.2,13.2,44.87090362463776,Industry 3.0
121,Cassette_AC,Supplier_C,0.6,0.78,False,,False,,False,False,175.70061996003892,6150.0,25.2,13.2,48.68453446890639,Industry 3.0
122,VRF_System,Supplier_A,0.9,0.92,False,,False,,False,False,170.43517706185048,8650.0,25.2,13.2,57.78153205146784,Industry 3.0
124,Split_AC,Supplier_B,0.4,0.85,False,,False,,False,False,164.87243346478226,7350.0,25.2,13.2,37.03810603276871,Industry 3.0
123,Cassette_AC,Supplier_B,0.6,0.85,False,,False,,False,False,195.03088509472377,7350.0,25.2,13.2,50.1849836750301,Industry 3.0
125,VRF_System,Supplier_B,0.9,0.85,False,,False,,False,False,184.48572030088326,7350.0,25.2,13.2,61.322420763065594,Industry 3.0
126,VRF_System,Supplier_A,0.9,0.92,True,testing,False,,False,False,186.49321064469154,8650.0,25.2,13.2,58.84582434895748,Industry 3.0
127,VRF_System,Supplier_C,0.9,0.78,True,brazing,False,,False,False,180.73379591015214,6150.0,25.2,13.2,65.38972816375582,Industry 3.0
128,VRF_System,Supplier_C,0.9,0.78,False,,False,,False,False,189.78430951504743,6150.0,25.2,13.2,67.0427037417649,Industry 3.0
129,Split_AC,Supplier_A,0.4,0.92,False,,False,,False,False,181.504136196354,8650.0,25.2,13.2,33.040629977521995,Industry 3.0
131,Cassette_AC,Supplier_C,0.6,0.78,False,,False,,False,False,174.99014179319806,6150.0,25.2,13.2,49.89961205805835,Industry 3.0
130,VRF_System,Supplier_C,0.9,0.78,False,,False,,False,False,189.04890110801966,6150.0,25.2,13.2,63.71598015667033,Industry 3.0
133,Cassette_AC,Supplier_A,0.6,0.92,False,,False,,False,False,167.3487151862878,8650.0,25.2,13.2,45.98126910239951,Industry 3.0
132,Split_AC,Supplier_A,0.4,0.92,False,,False,,False,False,179.7466223833319,8650.0,25.2,13.2,33.99738650099434,Industry 3.0
135,Split_AC,Supplier_A,0.4,0.92,False,,False,,False,False,176.52269291125367,8650.0,25.2,13.2,34.16315743532422,Industry 3.0
134,Split_AC,Supplier_A,0.4,0.92,False,,False,,False,False,184.5347140909921,8650.0,25.2,13.2,37.945807874533855,Industry 3.0
136,Split_AC,Supplier_A,0.4,0.92,False,,False,,False,False,191.33182200545912,8650.0,25.2,13.2,42.59381172854126,Industry 3.0
138,Split_AC,Supplier_A,0.4,0.92,False,,False,,False,False,190.21212902106163,8650.0,25.2,13.2,26.6315155509146,Industry 3.0
139,Split_AC,Supplier_C,0.4,0.78,False,,False,,False,False,191.92016950243988,6150.0,25.2,13.2,34.01218335123605,Industry 3.0
140,Split_AC,Supplier_B,0.4,0.85,False,,False,,False,False,191.46589652744683,7350.0,25.2,13.2,34.46991440764131,Industry 3.0
141,VRF_System,Supplier_B,0.9,0.85,False,,False,,False,False,190.09947273619173,7350.0,25.2,13.2,70.23354071590322,Industry 3.0
137,Split_AC,Supplier_C,0.4,0.78,True,brazing,True,final_inspection,True,False,235.98623418952366,8650.0,40.2,20.7,40.590340395303286,Industry 3.0
142,Cassette_AC,Supplier_C,0.6,0.78,False,,False,,False,False,194.43825267887496,6150.0,25.2,13.2,55.43550581816345,Industry 3.0
143,VRF_System,Supplier_A,0.9,0.92,False,,False,,False,False,189.08346809613818,8650.0,25.2,13.2,57.935436270787385,Industry 3.0
144,VRF_System,Supplier_C,0.9,0.78,True,brazing,False,,False,False,189.26416243071185,6150.0,25.2,13.2,60.9145068974814,Industry 3.0
147,VRF_System,Supplier_A,0.9,0.92,False,,False,,False,False,174.30187016232253,8650.0,25.2,13.2,63.591339905312736,Industry 3.0
145,Cassette_AC,Supplier_A,0.6,0.92,True,painting,False,,False,False,195.8786609700462,8650.0,25.2,13.2,41.90528097375818,Industry 3.0
149,Cassette_AC,Supplier_A,0.6,0.92,False,,False,,False,False,158.5150606272482,8650.0,25.2,13.2,44.32482944647216,Industry 3.0
146,Cassette_AC,Supplier_A,0.6,0.92,False,,False,,False,False,198.4034289411029,8650.0,25.2,13.2,47.588471218991586,Industry 3.0
150,VRF_System,Supplier_A,0.9,0.92,False,,False,,False,False,166.00158443105124,8650.0,25.2,13.2,60.65006728069133,Industry 3.0
153,Split_AC,Supplier_A,0.4,0.92,False,,False,,False,False,146.96862701053828,8650.0,25.2,13.2,34.10480693253692,Industry 3.0
151,Cassette_AC,Supplier_B,0.6,0.85,True,assembly,False,,False,False,174.32073154487352,7350.0,25.2,13.2,50.76209321766672,Industry 3.0
148,Split_AC,Supplier_C,0.4,0.78,True,brazing,True,final_inspection,True,False,228.0319644408994,8650.0,40.2,20.7,40.56350314234963,Industry 3.0
152,Split_AC,Supplier_B,0.4,0.85,False,,False,,False,False,188.1820518260986,7350.0,25.2,13.2,34.370040185136475,Industry 3.0
155,VRF_System,Supplier_A,0.9,0.92,False,,False,,False,False,160.45676738518546,8650.0,25.2,13.2,61.4827695640692,Industry 3.0
154,Split_AC,Supplier_A,0.4,0.92,False,,False,,False,False,182.76147642181195,8650.0,25.2,13.2,35.67894518450951,Industry 3.0
157,Cassette_AC,Supplier_C,0.6,0.78,False,,False,,False,False,149.58603456645528,6150.0,25.2,13.2,53.09685067098441,Industry 3.0
156,Split_AC,Supplier_A,0.4,0.92,False,,False,,False,False,174.93020303244134,8650.0,25.2,13.2,42.53491021036858,Industry 3.0
159,Cassette_AC,Supplier_C,0.6,0.78,False,,False,,False,False,154.08449510433275,6150.0,25.2,13.2,51.24917248666989,Industry 3.0
158,Cassette_AC,Supplier_C,0.6,0.78,False,,False,,False,False,182.373814834242,6150.0,25.2,13.2,47.36396671339138,Industry 3.0
160,Cassette_AC,Supplier_A,0.6,0.92,False,,False,,False,False,164.1872172117287,8650.0,25.2,13.2,45.27932352005226,Industry 3.0
162,VRF_System,Supplier_B,0.9,0.85,False,,False,,False,False,172.81270273025962,7350.0,25.2,13.2,67.12624599331684,Industry 3.0
163,Cassette_AC,Supplier_B,0.6,0.85,False,,False,,False,False,181.274633540575,7350.0,25.2,13.2,44.59288375377763,Industry 3.0
164,VRF_System,Supplier_A,0.9,0.92,False,,False,,False,False,185.6449546785475,8650.0,25.2,13.2,66.01073483014854,Industry 3.0
166,Split_AC,Supplier_A,0.4,0.92,False,,False,,False,False,182.63446512903147,8650.0,25.2,13.2,36.837309968193836,Industry 3.0
167,Split_AC,Supplier_A,0.4,0.92,False,,False,,False,False,187.8796360289798,8650.0,25.2,13.2,29.60924027181322,Industry 3.0
169,VRF_System,Supplier_B,0.9,0.85,False,,False,,False,False,178.39916712770105,7350.0,25.2,13.2,63.54296256035438,Industry 3.0
161,Cassette_AC,Supplier_C,0.6,0.78,True,painting,True,final_inspection,True,False,248.56876318682248,8650.0,40.2,20.7,50.68467252052744,Industry 3.0
165,Split_AC,Supplier_C,0.4,0.78,False,,False,,False,False,227.9732164850093,6150.0,25.2,13.2,36.49361571275503,Industry 3.0
168,Split_AC,Supplier_C,0.4,0.78,False,,False,,False,False,208.91824455733467,6150.0,25.2,13.2,40.72960438051878,Industry 3.0
170,Cassette_AC,Supplier_A,0.6,0.92,False,,False,,False,False,187.59847865487973,8650.0,25.2,13.2,49.55288077466295,Industry 3.0
172,VRF_System,Supplier_B,0.9,0.85,False,,False,,False,False,187.49633114150015,7350.0,25.2,13.2,59.929227105269966,Industry 3.0
171,Cassette_AC,Supplier_C,0.6,0.78,False,,False,,False,False,200.87355139959186,6150.0,25.2,13.2,54.679581754735224,Industry 3.0
173,Cassette_AC,Supplier_B,0.6,0.85,False,,False,,False,False,202.2442233908498,7350.0,25.2,13.2,42.84717649739298,Industry 3.0
176,Split_AC,Supplier_B,0.4,0.85,False,,False,,False,False,196.7065284847872,7350.0,25.2,13.2,37.100948406735625,Industry 3.0
174,Cassette_AC,Supplier_B,0.6,0.85,True,testing,True,final_inspection,True,False,226.35078607932087,9850.0,40.2,20.7,44.40430782520579,Industry 3.0
178,Cassette_AC,Supplier_B,0.6,0.85,False,,False,,False,False,190.83775303638026,7350.0,25.2,13.2,48.176591971699835,Industry 3.0
177,Split_AC,Supplier_B,0.4,0.85,True,brazing,False,,False,False,208.8708993957382,7350.0,25.2,13.2,34.286117828135936,Industry 3.0
180,VRF_System,Supplier_B,0.9,0.85,False,,False,,False,False,182.68958020507625,7350.0,25.2,13.2,65.15806750999758,Industry 3.0
179,Split_AC,Supplier_B,0.4,0.85,False,,False,,False,False,210.01744449241846,7350.0,25.2,13.2,42.41622511206141,Industry 3.0
181,VRF_System,Supplier_C,0.9,0.78,False,,False,,False,False,187.69493261133857,6150.0,25.2,13.2,66.31416000523353,Industry 3.0
175,VRF_System,Supplier_C,0.9,0.78,True,assembly,True,final_inspection,True,False,267.5897679216332,8650.0,40.2,20.7,64.70420415847153,Industry 3.0
182,VRF_System,Supplier_B,0.9,0.85,False,,False,,False,False,184.080904275203,7350.0,25.2,13.2,63.4512211051598,Industry 3.0
183,Cassette_AC,Supplier_A,0.6,0.92,False,,False,,False,False,187.66235140992922,8650.0,25.2,13.2,47.7731113370378,Industry 3.0
184,Cassette_AC,Supplier_C,0.6,0.78,True,cutting,False,,False,False,181.8074630569738,6150.0,25.2,13.2,51.55336472023991,Industry 3.0
186,VRF_System,Supplier_C,0.9,0.78,False,,False,,False,False,185.75551963212047,6150.0,25.2,13.2,67.39530738716428,Industry 3.0
185,VRF_System,Supplier_B,0.9,0.85,False,,False,,False,False,195.65579129790922,7350.0,25.2,13.2,69.01107847419618,Industry 3.0
188,Cassette_AC,Supplier_A,0.6,0.92,False,,False,,False,False,179.96643910250418,8650.0,25.2,13.2,47.266672685810505,Industry 3.0
189,Split_AC,Supplier_A,0.4,0.92,True,cutting,False,,False,False,175.74528564974935,8650.0,25.2,13.2,40.67502521108028,Industry 3.0
187,Split_AC,Supplier_C,0.4,0.78,False,,False,,False,False,217.29964785625953,6150.0,25.2,13.2,39.393484247834294,Industry 3.0
190,Split_AC,Supplier_A,0.4,0.92,False,,False,,False,False,193.4474608913879,8650.0,25.2,13.2,36.72872852755382,Industry 3.0
191,Cassette_AC,Supplier_C,0.6,0.78,False,,False,,False,False,190.04804880995152,6150.0,25.2,13.2,52.705132319135046,Industry 3.0
192,VRF_System,Supplier_A,0.9,0.92,False,,False,,False,False,189.05825675136725,8650.0,25.2,13.2,65.75751424793495,Industry 3.0
193,Cassette_AC,Supplier_B,0.6,0.85,False,,False,,False,False,192.48777601592246,7350.0,25.2,13.2,45.030281418590576,Industry 3.0
194,Cassette_AC,Supplier_A,0.6,0.92,False,,False,,False,False,189.43390880382503,8650.0,25.2,13.2,45.53553750404988,Industry 3.0
195,VRF_System,Supplier_B,0.9,0.85,False,,False,,False,False,185.79870836150417,7350.0,25.2,13.2,55.31558336077606,Industry 3.0
198,Split_AC,Supplier_C,0.4,0.78,False,,False,,False,False,179.07309577104502,6150.0,25.2,13.2,38.21341172618047,Industry 3.0
197,VRF_System,Supplier_C,0.9,0.78,True,cutting,False,,False,False,198.36643492258645,6150.0,25.2,13.2,62.99164213997781,Industry 3.0
199,Split_AC,Supplier_C,0.4,0.78,False,,False,,False,False,193.82461460802665,6150.0,25.2,13.2,35.3889762646926,Industry 3.0
196,Cassette_AC,Supplier_A,0.6,0.92,True,testing,True,final_inspection,True,False,236.99337542057833,11150.0,40.2,20.7,48.791397378414075,Industry 3.0
201,VRF_System,Supplier_C,0.9,0.78,False,,False,,False,False,201.16711638148558,6150.0,25.2,13.2,58.92522855490897,Industry 3.0
202,VRF_System,Supplier_A,0.9,0.92,False,,False,,False,False,196.66625764484047,8650.0,25.2,13.2,63.117915570115564,Industry 3.0
203,Split_AC,Supplier_A,0.4,0.92,False,,False,,False,False,201.5934392704287,8650.0,25.2,13.2,40.96168397372588,Industry 3.0
200,VRF_System,Supplier_C,0.9,0.78,True,assembly,True,final_inspection,True,False,252.77187276958466,8650.0,40.2,20.7,63.6974100826915,Industry 3.0
206,Split_AC,Supplier_A,0.4,0.92,False,,False,,False,False,197.07893740882673,8650.0,25.2,13.2,35.85954778822632,Industry 3.0
204,Cassette_AC,Supplier_A,0.6,0.92,False,,False,,False,False,222.24804677624752,8650.0,25.2,13.2,44.30233278828237,Industry 3.0
207,Split_AC,Supplier_A,0.4,0.92,False,,False,,False,False,202.06997518748176,8650.0,25.2,13.2,34.103339733404596,Industry 3.0
205,Cassette_AC,Supplier_B,0.6,0.85,True,assembly,True,final_inspection,True,False,233.00100891650982,9850.0,40.2,20.7,49.37902447175904,Industry 3.0
209,VRF_System,Supplier_C,0.9,0.78,False,,False,,False,False,189.58332963604198,6150.0,25.2,13.2,67.49298534229045,Industry 3.0
210,Cassette_AC,Supplier_A,0.6,0.92,False,,False,,False,False,190.4983480879805,8650.0,25.2,13.2,44.286252014875096,Industry 3.0
212,Cassette_AC,Supplier_A,0.6,0.92,False,,False,,False,False,179.22434014406326,8650.0,25.2,13.2,48.510284249053214,Industry 3.0
211,VRF_System,Supplier_B,0.9,0.85,False,,False,,False,False,203.51653876064256,7350.0,25.2,13.2,58.622340323818015,Industry 3.0
213,Split_AC,Supplier_C,0.4,0.78,False,,False,,False,False,191.39085751571338,6150.0,25.2,13.2,35.31371163987035,Industry 3.0
208,Cassette_AC,Supplier_C,0.6,0.78,True,testing,True,final_inspection,True,False,246.26902178792488,8650.0,40.2,20.7,53.062887679156646,Industry 3.0
214,VRF_System,Supplier_B,0.9,0.85,False,,False,,False,False,191.14854339346084,7350.0,25.2,13.2,68.7905977619934,Industry 3.0
215,Split_AC,Supplier_A,0.4,0.92,False,,False,,False,False,182.47542440355528,8650.0,25.2,13.2,26.518921806011,Industry 3.0
216,VRF_System,Supplier_B,0.9,0.85,False,,False,,False,False,183.8517405433572,7350.0,25.2,13.2,63.98529262954452,Industry 3.0
217,Split_AC,Supplier_A,0.4,0.92,False,,False,,False,False,176.75242150126815,8650.0,25.2,13.2,31.642933431657315,Industry 3.0
218,VRF_System,Supplier_A,0.9,0.92,True,assembly,True,final_inspection,False,True,173.40539453086785,20650.0,25.2,13.2,66.51853414984237,Industry 3.0
220,Split_AC,Supplier_C,0.4,0.78,False,,False,,False,False,166.0076562768877,6150.0,25.2,13.2,43.50798796472853,Industry 3.0
221,Cassette_AC,Supplier_A,0.6,0.92,False,,False,,False,False,161.89882011603322,8650.0,25.2,13.2,48.934206998047316,Industry 3.0
219,Split_AC,Supplier_C,0.4,0.78,False,,False,,False,False,194.50630705643425,6150.0,25.2,13.2,36.36897406316363,Industry 3.0
222,Split_AC,Supplier_B,0.4,0.85,False,,False,,False,False,173.63614187350686,7350.0,25.2,13.2,36.496402394620276,Industry 3.0
225,Cassette_AC,Supplier_A,0.6,0.92,False,,False,,False,False,155.730341719845,8650.0,25.2,13.2,40.737696348308226,Industry 3.0
223,Cassette_AC,Supplier_A,0.6,0.92,False,,False,,False,False,183.1409105268408,8650.0,25.2,13.2,40.459294065295,Industry 3.0
224,Cassette_AC,Supplier_C,0.6,0.78,False,,False,,False,False,179.44341677919647,6150.0,25.2,13.2,52.2873265729761,Industry 3.0
226,VRF_System,Supplier_B,0.9,0.85,False,,False,,False,False,181.32342586321738,7350.0,25.2,13.2,69.12852450122318,Industry 3.0
227,VRF_System,Supplier_A,0.9,0.92,False,,False,,False,False,177.39276824771332,8650.0,25.2,13.2,65.85652326885207,Industry 3.0
229,Split_AC,Supplier_C,0.4,0.78,False,,False,,False,False,175.147582206052,6150.0,25.2,13.2,43.74616923892651,Industry 3.0
228,Split_AC,Supplier_A,0.4,0.92,True,assembly,False,,False,False,188.66477335061654,8650.0,25.2,13.2,38.62249269365775,Industry 3.0
231,Split_AC,Supplier_C,0.4,0.78,False,,False,,False,False,168.43649768074056,6150.0,25.2,13.2,42.76194995900234,Industry 3.0
230,Cassette_AC,Supplier_A,0.6,0.92,False,,False,,False,False,183.93466924991617,8650.0,25.2,13.2,42.93722483731938,Industry 3.0
232,Cassette_AC,Supplier_B,0.6,0.85,False,,False,,False,False,179.5445734316686,7350.0,25.2,13.2,45.84951254721753,Industry 3.0
233,VRF_System,Supplier_A,0.9,0.92,True,painting,False,,False,False,173.03478199020356,8650.0,25.2,13.2,61.53219654543612,Industry 3.0
235,Cassette_AC,Supplier_B,0.6,0.85,False,,False,,False,False,168.85880728371103,7350.0,25.2,13.2,46.95158571585635,Industry 3.0
237,Cassette_AC,Supplier_B,0.6,0.85,False,,False,,False,False,178.13453256796038,7350.0,25.2,13.2,50.929397476626235,Industry 3.0
236,Split_AC,Supplier_B,0.4,0.85,False,,False,,False,False,202.18569775549122,7350.0,25.2,13.2,31.29460610623828,Industry 3.0
240,Cassette_AC,Supplier_A,0.6,0.92,False,,False,,False,False,176.2679399080548,8650.0,25.2,13.2,44.750024742342944,Industry 3.0
234,VRF_System,Supplier_A,0.9,0.92,True,assembly,True,final_inspection,True,False,229.9486251609219,11150.0,40.2,20.7,59.8717615773103,Industry 3.0
238,Cassette_AC,Supplier_C,0.6,0.78,False,,False,,False,False,199.30479169406408,6150.0,25.2,13.2,52.95640558610744,Industry 3.0
239,Cassette_AC,Supplier_B,0.6,0.85,False,,False,,False,False,192.17352833637233,7350.0,25.2,13.2,48.297448352195616,Industry 3.0
244,Cassette_AC,Supplier_B,0.6,0.85,False,,False,,False,False,166.06709968750556,7350.0,25.2,13.2,52.59691284584186,Industry 3.0
243,Cassette_AC,Supplier_C,0.6,0.78,False,,False,,False,False,180.17178429490423,6150.0,25.2,13.2,49.48594364938441,Industry 3.0
242,VRF_System,Supplier_A,0.9,0.92,True,brazing,False,,False,False,203.87637894182353,8650.0,25.2,13.2,60.93553256313327,Industry 3.0
245,Split_AC,Supplier_A,0.4,0.92,False,,False,,False,False,187.42453168029624,8650.0,25.2,13.2,36.42389167641508,Industry 3.0
247,Cassette_AC,Supplier_A,0.6,0.92,False,,False,,False,False,183.90797910370293,8650.0,25.2,13.2,45.232774703954775,Industry 3.0
241,VRF_System,Supplier_C,0.9,0.78,True,assembly,True,final_inspection,True,False,243.7159894020915,8650.0,40.2,20.7,67.68008239921554,Industry 3.0
246,Split_AC,Supplier_B,0.4,0.85,False,,False,,False,False,199.81936581349555,7350.0,25.2,13.2,35.44970695617414,Industry 3.0
248,Cassette_AC,Supplier_A,0.6,0.92,False,,False,,False,False,192.65396824812296,8650.0,25.2,13.2,46.05043019011089,Industry 3.0
249,Split_AC,Supplier_A,0.4,0.92,False,,False,,False,False,185.8866105812017,8650.0,25.2,13.2,41.08382492022364,Industry 3.0
250,Split_AC,Supplier_C,0.4,0.78,False,,False,,False,False,182.35006908462765,6150.0,25.2,13.2,47.80036433338307,Industry 3.0
251,Split_AC,Supplier_A,0.4,0.92,False,,False,,False,False,184.29810136305468,8650.0,25.2,13.2,36.25281635827341,Industry 3.0
252,VRF_System,Supplier_B,0.9,0.85,False,,False,,False,False,171.3396263582108,7350.0,25.2,13.2,64.6477608218357,Industry 3.0
253,Cassette_AC,Supplier_B,0.6,0.85,False,,False,,False,False,180.10483059667604,7350.0,25.2,13.2,52.788648060199264,Industry 3.0
254,Cassette_AC,Supplier_B,0.6,0.85,False,,False,,False,False,172.0776156142142,7350.0,25.2,13.2,48.717709346485705,Industry 3.0
255,Cassette_AC,Supplier_A,0.6,0.92,True,painting,False,,False,False,172.77155482858734,8650.0,25.2,13.2,43.84246662902122,Industry 3.0
256,VRF_System,Supplier_C,0.9,0.78,False,,False,,False,False,171.03969492935585,6150.0,25.2,13.2,71.23910823780953,Industry 3.0
258,Split_AC,Supplier_C,0.4,0.78,False,,False,,False,False,161.715847609928,6150.0,25.2,13.2,37.53794016771552,Industry 3.0
257,VRF_System,Supplier_C,0.9,0.78,False,,False,,False,False,180.49710986267746,6150.0,25.2,13.2,64.68494746869096,Industry 3.0
260,VRF_System,Supplier_B,0.9,0.85,True,brazing,False,,False,False,160.12124454348168,7350.0,25.2,13.2,63.76365015282318,Industry 3.0
259,Cassette_AC,Supplier_B,0.6,0.85,False,,False,,False,False,175.95321649946663,7350.0,25.2,13.2,49.26874222234375,Industry 3.0
263,VRF_System,Supplier_A,0.9,0.92,True,brazing,False,,False,False,153.22167054957936,8650.0,25.2,13.2,60.346062224931124,Industry 3.0
261,Cassette_AC,Supplier_B,0.6,0.85,False,,False,,False,False,176.34194452393922,7350.0,25.2,13.2,42.60250816953665,Industry 3.0
264,Split_AC,Supplier_A,0.4,0.92,False,,False,,False,False,159.95409750456793,8650.0,25.2,13.2,28.966801460101973,Industry 3.0
262,Split_AC,Supplier_A,0.4,0.92,True,assembly,True,final_inspection,False,True,184.81712840245973,20650.0,25.2,13.2,35.98616464880967,Industry 3.0
265,Split_AC,Supplier_A,0.4,0.92,False,,False,,False,False,172.5351733823386,8650.0,25.2,13.2,35.47066107929007,Industry 3.0
266,VRF_System,Supplier_A,0.9,0.92,False,,False,,False,False,168.86466911353364,8650.0,25.2,13.2,61.74246074513302,Industry 3.0
269,VRF_System,Supplier_B,0.9,0.85,False,,False,,False,False,154.19893489390824,7350.0,25.2,13.2,53.75343128595706,Industry 3.0
267,Split_AC,Supplier_C,0.4,0.78,True,painting,False,,False,False,178.3215592245092,6150.0,25.2,13.2,36.90056267174974,Industry 3.0
270,VRF_System,Supplier_C,0.9,0.78,False,,False,,False,False,174.4561230994991,6150.0,25.2,13.2,63.13870735336478,Industry 3.0
268,VRF_System,Supplier_B,0.9,0.85,True,brazing,False,,False,False,191.19334140342244,7350.0,25.2,13.2,66.16192844010476,Industry 3.0
271,Cassette_AC,Supplier_A,0.6,0.92,False,,False,,False,False,175.9114481622746,8650.0,25.2,13.2,44.13021410516556,Industry 3.0
273,Split_AC,Supplier_B,0.4,0.85,False,,False,,False,False,165.27635887238876,7350.0,25.2,13.2,47.32914640587556,Industry 3.0
272,VRF_System,Supplier_B,0.9,0.85,False,,False,,False,False,183.34420102876174,7350.0,25.2,13.2,65.24988971197084,Industry 3.0
274,Split_AC,Supplier_A,0.4,0.92,False,,False,,False,False,176.18011456372005,8650.0,25.2,13.2,43.1020950537942,Industry 3.0
275,Split_AC,Supplier_A,0.4,0.92,True,brazing,True,final_inspection,False,True,171.22086702486604,20650.0,25.2,13.2,34.714364455654575,Industry 3.0
276,VRF_System,Supplier_A,0.9,0.92,False,,False,,False,False,173.74134052551517,8650.0,25.2,13.2,65.23142591241509,Industry 3.0
277,Split_AC,Supplier_B,0.4,0.85,False,,False,,False,False,172.24863334495467,7350.0,25.2,13.2,30.69170856535119,Industry 3.0
278,Cassette_AC,Supplier_B,0.6,0.85,False,,False,,False,False,168.8531271185284,7350.0,25.2,13.2,47.36121326550088,Industry 3.0
279,Cassette_AC,Supplier_C,0.6,0.78,False,,False,,False,False,181.95470864208664,6150.0,25.2,13.2,52.552202478092894,Industry 3.0
280,Cassette_AC,Supplier_C,0.6,0.78,False,,False,,False,False,180.1603603695212,6150.0,25.2,13.2,53.799155391758006,Industry 3.0
281,Split_AC,Supplier_C,0.4,0.78,False,,False,,False,False,183.19611946885743,6150.0,25.2,13.2,43.016655960953344,Industry 3.0
283,Split_AC,Supplier_B,0.4,0.85,False,,False,,False,False,169.69578598438784,7350.0,25.2,13.2,39.66829899101413,Industry 3.0
282,VRF_System,Supplier_B,0.9,0.85,False,,False,,False,False,197.37325853887933,7350.0,25.2,13.2,66.49342250862571,Industry 3.0
285,VRF_System,Supplier_A,0.9,0.92,False,,False,,False,False,175.00184317556023,8650.0,25.2,13.2,58.82997944650059,Industry 3.0
284,VRF_System,Supplier_A,0.9,0.92,True,painting,True,final_inspection,False,True,200.19682387846115,20650.0,25.2,13.2,55.372986324551775,Industry 3.0
286,Cassette_AC,Supplier_B,0.6,0.85,False,,False,,False,False,189.4856589792298,7350.0,25.2,13.2,45.58740722683714,Industry 3.0
287,Cassette_AC,Supplier_A,0.6,0.92,False,,False,,False,False,187.80004535393573,8650.0,25.2,13.2,41.78475207080067,Industry 3.0
289,Split_AC,Supplier_C,0.4,0.78,False,,False,,False,False,183.65765277065702,6150.0,25.2,13.2,35.90188152419128,Industry 3.0
288,VRF_System,Supplier_C,0.9,0.78,True,cutting,False,,False,False,195.73876215422024,6150.0,25.2,13.2,66.95341946157481,Industry 3.0
290,Cassette_AC,Supplier_A,0.6,0.92,False,,False,,False,False,187.28918251691084,8650.0,25.2,13.2,47.12215167287171,Industry 3.0
292,VRF_System,Supplier_B,0.9,0.85,True,brazing,False,,False,False,181.75092631133793,7350.0,25.2,13.2,63.81191985830571,Industry 3.0
293,VRF_System,Supplier_C,0.9,0.78,True,brazing,False,,False,False,183.9614810794419,6150.0,25.2,13.2,66.40717119068466,Industry 3.0
294,Split_AC,Supplier_B,0.4,0.85,False,,False,,False,False,181.3551172685693,7350.0,25.2,13.2,36.34221087520311,Industry 3.0
291,Split_AC,Supplier_C,0.4,0.78,False,,False,,False,False,215.32174026062285,6150.0,25.2,13.2,51.611111111111114,Industry 3.0
297,VRF_System,Supplier_B,0.9,0.85,True,cutting,False,,False,False,178.85842659175978,7350.0,25.2,13.2,65.2030473988048,Industry 3.0
296,Split_AC,Supplier_A,0.4,0.92,False,,False,,False,False,212.68332150033984,8650.0,25.2,13.2,33.75104048712725,Industry 3.0
298,VRF_System,Supplier_C,0.9,0.78,False,,False,,False,False,208.83378417329186,6150.0,25.2,13.2,66.33748055323855,Industry 3.0
299,VRF_System,Supplier_C,0.9,0.78,False,,False,,False,False,209.89488167962554,6150.0,25.2,13.2,65.95075246984854,Industry 3.0
295,Split_AC,Supplier_B,0.4,0.85,True,testing,True,final_inspection,True,False,251.40663188378176,9850.0,40.2,20.7,39.10258594390437,Industry 3.0
300,Cassette_AC,Supplier_B,0.6,0.85,False,,False,,False,False,208.6338650472826,7350.0,25.2,13.2,46.84440710018245,Industry 3.0
301,Cassette_AC,Supplier_A,0.6,0.92,False,,False,,False,False,205.00467534793825,8650.0,25.2,13.2,46.22026936419014,Industry 3.0
303,Cassette_AC,Supplier_C,0.6,0.78,False,,False,,False,False,194.39886123337828,6150.0,25.2,13.2,44.155425664107256,Industry 3.0
302,Split_AC,Supplier_C,0.4,0.78,False,,False,,False,False,215.15923943761845,6150.0,25.2,13.2,43.08673296387549,Industry 3.0
304,VRF_System,Supplier_A,0.9,0.92,True,painting,False,,False,False,200.79878984654397,8650.0,25.2,13.2,66.1893544379738,Industry 3.0
305,Split_AC,Supplier_B,0.4,0.85,False,,False,,False,False,205.75793126290682,7350.0,25.2,13.2,39.45010886330233,Industry 3.0
306,Cassette_AC,Supplier_C,0.6,0.78,False,,False,,False,False,209.34555753390032,6150.0,25.2,13.2,54.472961133042986,Industry 3.0
309,Split_AC,Supplier_A,0.4,0.92,False,,False,,False,False,197.0047984019643,8650.0,25.2,13.2,27.756530701690913,Industry 3.0
307,Cassette_AC,Supplier_A,0.6,0.92,False,,False,,False,False,216.31826404183494,8650.0,25.2,13.2,40.89300269049644,Industry 3.0
311,VRF_System,Supplier_A,0.9,0.92,False,,False,,False,False,201.37507083439004,8650.0,25.2,13.2,62.947211602545096,Industry 3.0
308,VRF_System,Supplier_C,0.9,0.78,True,painting,False,,False,False,227.21921269603445,6150.0,25.2,13.2,70.92396083534176,Industry 3.0
310,VRF_System,Supplier_B,0.9,0.85,False,,False,,False,False,227.66946381428625,7350.0,25.2,13.2,57.63999349728522,Industry 3.0
313,Cassette_AC,Supplier_A,0.6,0.92,False,,False,,False,False,219.03272261197253,8650.0,25.2,13.2,54.64509915168232,Industry 3.0
312,Split_AC,Supplier_B,0.4,0.85,True,assembly,False,,False,False,232.0106552287907,7350.0,25.2,13.2,37.967216405026235,Industry 3.0
315,Cassette_AC,Supplier_B,0.6,0.85,False,,False,,False,False,219.80011184330942,7350.0,25.2,13.2,43.204528359920346,Industry 3.0
314,Cassette_AC,Supplier_C,0.6,0.78,False,,False,,False,False,236.34703116191076,6150.0,25.2,13.2,51.84693958012676,Industry 3.0
316,VRF_System,Supplier_B,0.9,0.85,True,brazing,False,,False,False,235.42652543959048,7350.0,25.2,13.2,65.55961297878493,Industry 3.0
317,Split_AC,Supplier_B,0.4,0.85,False,,False,,False,False,226.08299140380495,7350.0,25.2,13.2,33.809852829427484,Industry 3.0
319,VRF_System,Supplier_A,0.9,0.92,False,,False,,False,False,215.0694843189067,8650.0,25.2,13.2,61.64770368687063,Industry 3.0
318,Cassette_AC,Supplier_C,0.6,0.78,False,,False,,False,False,230.21480748509066,6150.0,25.2,13.2,44.36340541088675,Industry 3.0
322,VRF_System,Supplier_A,0.9,0.92,False,,False,,False,False,207.88366467518472,8650.0,25.2,13.2,63.91606863013059,Industry 3.0
320,VRF_System,Supplier_A,0.9,0.92,False,,False,,False,False,231.80230835439124,8650.0,25.2,13.2,64.72769304227316,Industry 3.0
323,Cassette_AC,Supplier_C,0.6,0.78,False,,False,,False,False,231.74167757560735,6150.0,25.2,13.2,48.41468699416447,Industry 3.0
325,Cassette_AC,Supplier_A,0.6,0.92,False,,False,,False,False,230.8904912130347,8650.0,25.2,13.2,45.80514403755874,Industry 3.0
326,Split_AC,Supplier_A,0.4,0.92,False,,False,,False,False,234.45009825858233,8650.0,25.2,13.2,38.71554776348502,Industry 3.0
321,Split_AC,Supplier_B,0.4,0.85,True,brazing,True,final_inspection,True,False,286.33266444181254,9850.0,40.2,20.7,40.4065785442629,Industry 3.0
324,Cassette_AC,Supplier_A,0.6,0.92,False,,False,,False,False,261.9348673389509,8650.0,25.2,13.2,44.757176349576056,Industry 3.0
328,Split_AC,Supplier_C,0.4,0.78,True,assembly,False,,False,False,231.6645072209949,6150.0,25.2,13.2,38.88353217820537,Industry 3.0
327,Split_AC,Supplier_A,0.4,0.92,False,,False,,False,False,245.80494728419035,8650.0,25.2,13.2,35.21078939494293,Industry 3.0
329,Split_AC,Supplier_B,0.4,0.85,False,,False,,False,False,230.92188327418626,7350.0,25.2,13.2,36.74438738473842,Industry 3.0
330,Split_AC,Supplier_A,0.4,0.92,False,,False,,False,False,241.92675983240133,8650.0,25.2,13.2,30.7752220733048,Industry 3.0
332,Split_AC,Supplier_C,0.4,0.78,False,,False,,False,False,224.90447970393006,6150.0,25.2,13.2,32.04847812314443,Industry 3.0
331,Split_AC,Supplier_C,0.4,0.78,True,testing,False,,False,False,243.1228272842859,6150.0,25.2,13.2,41.77991866862796,Industry 3.0
333,VRF_System,Supplier_B,0.9,0.85,False,,False,,False,False,244.18836905916305,7350.0,25.2,13.2,67.46830088117761,Industry 3.0
335,Split_AC,Supplier_A,0.4,0.92,False,,False,,False,False,226.36784205402637,8650.0,25.2,13.2,36.40526138521279,Industry 3.0
336,VRF_System,Supplier_A,0.9,0.92,False,,False,,False,False,220.75865980021808,8650.0,25.2,13.2,62.97527289152279,Industry 3.0
334,Split_AC,Supplier_A,0.4,0.92,False,,False,,False,False,254.89676110362188,8650.0,25.2,13.2,34.858876838489465,Industry 3.0
337,Cassette_AC,Supplier_C,0.6,0.78,False,,False,,False,False,225.81998623545041,6150.0,25.2,13.2,47.387643510924875,Industry 3.0
338,Split_AC,Supplier_A,0.4,0.92,False,,False,,False,False,223.08799493503193,8650.0,25.2,13.2,35.36211976196368,Industry 3.0
339,VRF_System,Supplier_C,0.9,0.78,False,,False,,False,False,221.31896009744696,6150.0,25.2,13.2,68.98215143828762,Industry 3.0
340,Cassette_AC,Supplier_C,0.6,0.78,False,,False,,False,False,223.06718250170252,6150.0,25.2,13.2,44.58967216863208,Industry 3.0
341,VRF_System,Supplier_A,0.9,0.92,False,,False,,False,False,227.41531658731992,8650.0,25.2,13.2,64.73045113441957,Industry 3.0
342,VRF_System,Supplier_C,0.9,0.78,False,,False,,False,False,229.33967926584774,6150.0,25.2,13.2,62.48964984902079,Industry 3.0
344,Split_AC,Supplier_A,0.4,0.92,False,,False,,False,False,217.33456838227812,8650.0,25.2,13.2,34.16134058318194,Industry 3.0
343,Split_AC,Supplier_A,0.4,0.92,False,,False,,False,False,239.90163635802946,8650.0,25.2,13.2,35.190307293574705,Industry 3.0
346,Split_AC,Supplier_B,0.4,0.85,False,,False,,False,False,213.72139493889608,7350.0,25.2,13.2,42.07391305550735,Industry 3.0
347,Split_AC,Supplier_C,0.4,0.78,True,cutting,False,,False,False,213.10257952655866,6150.0,25.2,13.2,44.73149025936597,Industry 3.0
345,Split_AC,Supplier_C,0.4,0.78,False,,False,,False,False,244.97861514676651,6150.0,25.2,13.2,38.1372642524757,Industry 3.0
349,Cassette_AC,Supplier_A,0.6,0.92,False,,False,,False,False,229.33518234662097,8650.0,25.2,13.2,48.18111758703297,Industry 3.0
350,VRF_System,Supplier_B,0.9,0.85,False,,False,,False,False,229.5540627799346,7350.0,25.2,13.2,61.138056030252926,Industry 3.0
351,VRF_System,Supplier_C,0.9,0.78,False,,False,,False,False,227.74562624362716,6150.0,25.2,13.2,60.504554846498785,Industry 3.0
348,Split_AC,Supplier_C,0.4,0.78,True,brazing,True,final_inspection,True,False,259.82904592614705,8650.0,40.2,20.7,35.861518887723946,Industry 3.0
352,VRF_System,Supplier_C,0.9,0.78,False,,False,,False,False,229.11316515381623,6150.0,25.2,13.2,67.59429785710891,Industry 3.0
356,Split_AC,Supplier_B,0.4,0.85,False,,False,,False,False,207.010602638602,7350.0,25.2,13.2,36.238065496331075,Industry 3.0
353,VRF_System,Supplier_A,0.9,0.92,False,,False,,False,False,229.48246137940805,8650.0,25.2,13.2,66.6283088950767,Industry 3.0
355,VRF_System,Supplier_C,0.9,0.78,False,,False,,False,False,230.98793140235102,6150.0,25.2,13.2,61.82667840421324,Industry 3.0
354,Split_AC,Supplier_B,0.4,0.85,False,,False,,False,False,241.5185015276852,7350.0,25.2,13.2,36.95200943624425,Industry 3.0
357,Cassette_AC,Supplier_A,0.6,0.92,False,,False,,False,False,237.40015214179402,8650.0,25.2,13.2,48.40938869454877,Industry 3.0
360,VRF_System,Supplier_C,0.9,0.78,False,,False,,False,False,205.4505261169902,6150.0,25.2,13.2,66.84918231933412,Industry 3.0
358,Cassette_AC,Supplier_C,0.6,0.78,True,painting,False,,False,False,244.86115172642485,6150.0,25.2,13.2,55.1194280305172,Industry 3.0
359,Cassette_AC,Supplier_C,0.6,0.78,True,cutting,False,,False,False,239.4554384486346,6150.0,25.2,13.2,48.33941583815933,Industry 3.0
363,Split_AC,Supplier_A,0.4,0.92,False,,False,,False,False,208.91269712494113,8650.0,25.2,13.2,45.31741893986053,Industry 3.0
361,VRF_System,Supplier_C,0.9,0.78,False,,False,,False,False,238.38520471355105,6150.0,25.2,13.2,65.09728910292274,Industry 3.0
362,VRF_System,Supplier_B,0.9,0.85,False,,False,,False,False,245.46602222444562,7350.0,25.2,13.2,58.990265170018574,Industry 3.0
364,Split_AC,Supplier_A,0.4,0.92,False,,False,,False,False,240.03981784092912,8650.0,25.2,13.2,31.839583653934273,Industry 3.0
366,Split_AC,Supplier_B,0.4,0.85,False,,False,,False,False,239.9846205972908,7350.0,25.2,13.2,35.975916226607225,Industry 3.0
367,Split_AC,Supplier_B,0.4,0.85,False,,False,,False,False,246.42506243319121,7350.0,25.2,13.2,38.874513120958795,Industry 3.0
368,Cassette_AC,Supplier_B,0.6,0.85,False,,False,,False,False,246.75587638676416,7350.0,25.2,13.2,42.51867512317578,Industry 3.0
365,VRF_System,Supplier_C,0.9,0.78,True,assembly,True,final_inspection,True,False,270.81834275793335,8650.0,40.2,20.7,64.36139754249757,Industry 3.0
369,Cassette_AC,Supplier_B,0.6,0.85,False,,False,,False,False,243.48431435599514,7350.0,25.2,13.2,43.186117068098795,Industry 3.0
370,Split_AC,Supplier_A,0.4,0.92,False,,False,,False,False,237.54229483775725,8650.0,25.2,13.2,33.60484921171978,Industry 3.0
371,Cassette_AC,Supplier_B,0.6,0.85,False,,False,,False,False,236.3920776224395,7350.0,25.2,13.2,46.724240377653075,Industry 3.0
374,VRF_System,Supplier_C,0.9,0.78,False,,False,,False,False,221.53487500352912,6150.0,25.2,13.2,67.28419404402821,Industry 3.0
373,Cassette_AC,Supplier_A,0.6,0.92,False,,False,,False,False,247.45320030268385,8650.0,25.2,13.2,46.78935324504101,Industry 3.0
375,Cassette_AC,Supplier_A,0.6,0.92,False,,False,,False,False,228.24540796217207,8650.0,25.2,13.2,53.01690010068096,Industry 3.0
372,VRF_System,Supplier_A,0.9,0.92,True,assembly,True,final_inspection,True,False,284.50057921678444,11150.0,40.2,20.7,60.2734185965319,Industry 3.0
377,Split_AC,Supplier_B,0.4,0.85,False,,False,,False,False,237.75756687332523,7350.0,25.2,13.2,38.657665436818775,Industry 3.0
376,VRF_System,Supplier_C,0.9,0.78,True,brazing,True,final_inspection,True,False,305.2710914150239,8650.0,40.2,20.7,65.158995318347,Industry 3.0
378,Cassette_AC,Supplier_C,0.6,0.78,False,,False,,False,False,295.4143655058042,6150.0,25.2,13.2,53.34842129005288,Industry 3.0
382,Cassette_AC,Supplier_A,0.6,0.92,False,,False,,False,False,273.1576054256284,8650.0,25.2,13.2,48.26497493230697,Industry 3.0
380,VRF_System,Supplier_C,0.9,0.78,False,,False,,False,False,291.8260890387551,6150.0,25.2,13.2,64.92127974251551,Industry 3.0
381,VRF_System,Supplier_C,0.9,0.78,False,,False,,False,False,298.3418637948871,6150.0,25.2,13.2,66.36720796345679,Industry 3.0
379,VRF_System,Supplier_B,0.9,0.85,True,assembly,True,final_inspection,True,False,325.90002460936375,9850.0,40.2,20.7,66.6904424084372,Industry 3.0
385,VRF_System,Supplier_A,0.9,0.92,False,,False,,False,False,267.3888170994419,8650.0,25.2,13.2,64.85946627053845,Industry 3.0
383,VRF_System,Supplier_B,0.9,0.85,True,testing,False,,False,False,299.56121091880914,7350.0,25.2,13.2,59.514415959671666,Industry 3.0
384,Cassette_AC,Supplier_B,0.6,0.85,False,,False,,False,False,291.9940221123002,7350.0,25.2,13.2,49.79029359656714,Industry 3.0
386,VRF_System,Supplier_C,0.9,0.78,False,,False,,False,False,278.23832620125177,6150.0,25.2,13.2,62.41594048495194,Industry 3.0
388,Cassette_AC,Supplier_C,0.6,0.78,False,,False,,False,False,249.59868953887053,6150.0,25.2,13.2,53.27726690830649,Industry 3.0
387,Cassette_AC,Supplier_B,0.6,0.85,False,,False,,False,False,276.8626530546835,7350.0,25.2,13.2,48.24101019656162,Industry 3.0
392,Split_AC,Supplier_C,0.4,0.78,False,,False,,False,False,231.55059117376913,6150.0,25.2,13.2,38.429164276985404,Industry 3.0
390,VRF_System,Supplier_A,0.9,0.92,False,,False,,False,False,269.3252120996972,8650.0,25.2,13.2,59.08491814771359,Industry 3.0
393,Cassette_AC,Supplier_C,0.6,0.78,False,,False,,False,False,248.03107534363244,6150.0,25.2,13.2,44.76868621322576,Industry 3.0
389,Split_AC,Supplier_A,0.4,0.92,True,painting,True,final_inspection,True,False,288.331318053411,11150.0,40.2,20.7,32.34887044794243,Industry 3.0
391,Cassette_AC,Supplier_C,0.6,0.78,False,,False,,False,False,276.2235952979436,6150.0,25.2,13.2,53.89026194389251,Industry 3.0
395,Cassette_AC,Supplier_B,0.6,0.85,False,,False,,False,False,238.75302460343391,7350.0,25.2,13.2,39.28836524946905,Industry 3.0
394,Cassette_AC,Supplier_A,0.6,0.92,False,,False,,False,False,252.49789997428024,8650.0,25.2,13.2,48.4408848975297,Industry 3.0
396,Split_AC,Supplier_C,0.4,0.78,False,,False,,False,False,236.99771231028626,6150.0,25.2,13.2,46.479180206951895,Industry 3.0
397,Split_AC,Supplier_A,0.4,0.92,False,,False,,False,False,233.91117493096317,8650.0,25.2,13.2,38.086710242474815,Industry 3.0
398,VRF_System,Supplier_C,0.9,0.78,False,,False,,False,False,224.29045352891308,6150.0,25.2,13.2,69.8139581295644,Industry 3.0
401,Split_AC,Supplier_A,0.4,0.92,True,brazing,False,,False,False,198.9443342186819,8650.0,25.2,13.2,33.49284578509531,Industry 3.0
402,VRF_System,Supplier_A,0.9,0.92,True,painting,True,final_inspection,False,True,206.7594763811885,20650.0,25.2,13.2,57.312428530163736,Industry 3.0
400,VRF_System,Supplier_B,0.9,0.85,False,,False,,False,False,238.7220006673565,7350.0,25.2,13.2,62.35372976214571,Industry 3.0
403,VRF_System,Supplier_B,0.9,0.85,True,assembly,True,final_inspection,False,True,218.9711977998718,19350.0,25.2,13.2,63.41189801891577,Industry 3.0
404,Split_AC,Supplier_A,0.4,0.92,False,,False,,False,False,223.59881483496747,8650.0,25.2,13.2,35.36344793496518,Industry 3.0
399,VRF_System,Supplier_A,0.9,0.92,True,testing,True,final_inspection,True,False,280.0695928724981,11150.0,40.2,20.7,64.43207075623198,Industry 3.0
405,Split_AC,Supplier_A,0.4,0.92,False,,False,,False,False,223.98174153985747,8650.0,25.2,13.2,32.916005883768534,Industry 3.0
407,Split_AC,Supplier_C,0.4,0.78,False,,False,,False,False,210.61402931450266,6150.0,25.2,13.2,41.81134737592326,Industry 3.0
410,Cassette_AC,Supplier_B,0.6,0.85,False,,False,,False,False,204.0730049534709,7350.0,25.2,13.2,41.304771355205006,Industry 3.0
409,Cassette_AC,Supplier_B,0.6,0.85,False,,False,,False,False,220.06329271585582,7350.0,25.2,13.2,53.384317248004734,Industry 3.0
408,Cassette_AC,Supplier_C,0.6,0.78,False,,False,,False,False,236.13047518860776,6150.0,25.2,13.2,47.28672433997576,Industry 3.0
411,Cassette_AC,Supplier_C,0.6,0.78,False,,False,,False,False,225.22100604273191,6150.0,25.2,13.2,49.960348671422906,Industry 3.0
406,VRF_System,Supplier_C,0.9,0.78,True,brazing,True,final_inspection,True,False,274.00066384692764,8650.0,40.2,20.7,63.58014624692746,Industry 3.0
412,Split_AC,Supplier_B,0.4,0.85,False,,False,,False,False,230.21790442200245,7350.0,25.2,13.2,30.521791480765113,Industry 3.0
413,VRF_System,Supplier_B,0.9,0.85,False,,False,,False,False,233.45095472396588,7350.0,25.2,13.2,68.77368285350246,Industry 3.0
415,VRF_System,Supplier_A,0.9,0.92,False,,False,,False,False,224.96726120577478,8650.0,25.2,13.2,55.756176606492204,Industry 3.0
416,Split_AC,Supplier_B,0.4,0.85,False,,False,,False,False,226.47797390893174,7350.0,25.2,13.2,48.57118257133045,Industry 3.0
414,Cassette_AC,Supplier_C,0.6,0.78,True,brazing,True,final_inspection,True,False,247.0037412968186,8650.0,40.2,20.7,46.167152255162904,Industry 3.0
418,Cassette_AC,Supplier_B,0.6,0.85,False,,False,,False,False,220.55961026907335,7350.0,25.2,13.2,47.5683894680205,Industry 3.0
420,Split_AC,Supplier_B,0.4,0.85,False,,False,,False,False,212.96402145825505,7350.0,25.2,13.2,36.981455290940985,Industry 3.0
419,Cassette_AC,Supplier_A,0.6,0.92,False,,False,,False,False,233.15546966286274,8650.0,25.2,13.2,43.134114351124,Industry 3.0
421,Split_AC,Supplier_B,0.4,0.85,False,,False,,False,False,226.49174397133993,7350.0,25.2,13.2,37.68271016494461,Industry 3.0
417,VRF_System,Supplier_A,0.9,0.92,True,brazing,True,final_inspection,True,False,270.4964474908875,11150.0,40.2,20.7,62.21019037305148,Industry 3.0
422,Cassette_AC,Supplier_C,0.6,0.78,False,,False,,False,False,222.23550922626964,6150.0,25.2,13.2,48.89718773978326,Industry 3.0
425,Split_AC,Supplier_B,0.4,0.85,False,,False,,False,False,205.75161891193875,7350.0,25.2,13.2,36.9917216976687,Industry 3.0
423,Split_AC,Supplier_C,0.4,0.78,False,,False,,False,False,238.38542774038888,6150.0,25.2,13.2,32.13069154164165,Industry 3.0
424,VRF_System,Supplier_C,0.9,0.78,False,,False,,False,False,234.33698005504175,6150.0,25.2,13.2,68.89871648288937,Industry 3.0
426,VRF_System,Supplier_C,0.9,0.78,False,,False,,False,False,222.48022968145506,6150.0,25.2,13.2,60.51178903419421,Industry 3.0
428,VRF_System,Supplier_A,0.9,0.92,False,,False,,False,False,220.50932482662847,8650.0,25.2,13.2,63.44341421315856,Industry 3.0
429,Split_AC,Supplier_A,0.4,0.92,False,,False,,False,False,229.1971139258585,8650.0,25.2,13.2,37.86466054554735,Industry 3.0
432,Split_AC,Supplier_B,0.4,0.85,False,,False,,False,False,208.97537488002035,7350.0,25.2,13.2,32.54439941714365,Industry 3.0
430,Split_AC,Supplier_C,0.4,0.78,False,,False,,False,False,241.4795626235,6150.0,25.2,13.2,43.70164130292103,Industry 3.0
427,VRF_System,Supplier_C,0.9,0.78,True,assembly,True,final_inspection,True,False,275.4290280640307,8650.0,40.2,20.7,67.14384500231682,Industry 3.0
431,Split_AC,Supplier_A,0.4,0.92,False,,False,,False,False,238.51326517010511,8650.0,25.2,13.2,32.19877810864459,Industry 3.0
433,Cassette_AC,Supplier_B,0.6,0.85,False,,False,,False,False,229.3069293042754,7350.0,25.2,13.2,42.54603180027196,Industry 3.0
434,Cassette_AC,Supplier_C,0.6,0.78,False,,False,,False,False,224.2777913823329,6150.0,25.2,13.2,51.35453938634001,Industry 3.0
436,VRF_System,Supplier_B,0.9,0.85,False,,False,,False,False,222.97136259886793,7350.0,25.2,13.2,64.7300994902283,Industry 3.0
435,VRF_System,Supplier_A,0.9,0.92,False,,False,,False,False,240.1735951481087,8650.0,25.2,13.2,57.504770305591244,Industry 3.0
438,Cassette_AC,Supplier_C,0.6,0.78,False,,False,,False,False,220.66191344451636,6150.0,25.2,13.2,54.21963707961419,Industry 3.0
437,VRF_System,Supplier_C,0.9,0.78,False,,False,,False,False,238.6567559269588,6150.0,25.2,13.2,64.03583697817714,Industry 3.0
440,Split_AC,Supplier_C,0.4,0.78,False,,False,,False,False,226.0145150328908,6150.0,25.2,13.2,28.419353792454928,Industry 3.0
439,Split_AC,Supplier_B,0.4,0.85,False,,False,,False,False,235.36337618590642,7350.0,25.2,13.2,41.581728583971696,Industry 3.0
441,Split_AC,Supplier_C,0.4,0.78,False,,False,,False,False,233.77504763626894,6150.0,25.2,13.2,42.21586594110257,Industry 3.0
442,Split_AC,Supplier_C,0.4,0.78,False,,False,,False,False,224.2168667349806,6150.0,25.2,13.2,41.884594239009104,Industry 3.0
443,Split_AC,Supplier_C,0.4,0.78,False,,False,,False,False,232.21460627645047,6150.0,25.2,13.2,44.11805129533306,Industry 3.0
444,Cassette_AC,Supplier_C,0.6,0.78,False,,False,,False,False,220.01914698839482,6150.0,25.2,13.2,53.851483521085356,Industry 3.0
445,Cassette_AC,Supplier_C,0.6,0.78,False,,False,,False,False,224.0692313489726,6150.0,25.2,13.2,41.79296793383725,Industry 3.0
446,VRF_System,Supplier_B,0.9,0.85,False,,False,,False,False,235.31625016739144,7350.0,25.2,13.2,62.372409640763834,Industry 3.0
447,Split_AC,Supplier_A,0.4,0.92,False,,False,,False,False,231.6002770127834,8650.0,25.2,13.2,38.29653818951073,Industry 3.0
448,VRF_System,Supplier_C,0.9,0.78,True,testing,False,,False,False,244.1842345676705,6150.0,25.2,13.2,65.05429196730728,Industry 3.0
449,Cassette_AC,Supplier_B,0.6,0.85,True,brazing,False,,False,False,242.5781385609589,7350.0,25.2,13.2,42.85046198557875,Industry 3.0
453,VRF_System,Supplier_A,0.9,0.92,True,testing,False,,False,False,220.3425446676929,8650.0,25.2,13.2,57.662571100511826,Industry 3.0
451,Cassette_AC,Supplier_A,0.6,0.92,False,,False,,False,False,248.90395045031346,8650.0,25.2,13.2,49.604744990548184,Industry 3.0
450,Split_AC,Supplier_B,0.4,0.85,True,painting,True,final_inspection,True,False,265.21359120461693,9850.0,40.2,20.7,32.19979547621569,Industry 3.0
454,VRF_System,Supplier_C,0.9,0.78,False,,False,,False,False,235.84036591838503,6150.0,25.2,13.2,63.3313488220689,Industry 3.0
455,VRF_System,Supplier_C,0.9,0.78,False,,False,,False,False,244.70170638095897,6150.0,25.2,13.2,68.57565464886565,Industry 3.0
458,VRF_System,Supplier_A,0.9,0.92,False,,False,,False,False,220.80222712300838,8650.0,25.2,13.2,66.78989038158878,Industry 3.0
456,VRF_System,Supplier_C,0.9,0.78,False,,False,,False,False,251.73442777160926,6150.0,25.2,13.2,66.1595224391159,Industry 3.0
452,Cassette_AC,Supplier_C,0.6,0.78,True,brazing,True,final_inspection,True,False,297.0504877722078,8650.0,40.2,20.7,50.9111844404501,Industry 3.0
457,Cassette_AC,Supplier_C,0.6,0.78,False,,False,,False,False,253.66382368304403,6150.0,25.2,13.2,49.69861858880385,Industry 3.0
459,Cassette_AC,Supplier_B,0.6,0.85,False,,False,,False,False,230.24729248900985,7350.0,25.2,13.2,44.87227308218051,Industry 3.0
462,Cassette_AC,Supplier_A,0.6,0.92,True,assembly,True,final_inspection,False,True,197.48258653410812,20650.0,25.2,13.2,46.65392085387114,Industry 3.0
461,Cassette_AC,Supplier_C,0.6,0.78,False,,False,,False,False,230.26647817278808,6150.0,25.2,13.2,43.6847680445013,Industry 3.0
463,VRF_System,Supplier_C,0.9,0.78,False,,False,,False,False,219.73445109159275,6150.0,25.2,13.2,59.63919842921847,Industry 3.0
460,VRF_System,Supplier_A,0.9,0.92,True,brazing,True,final_inspection,True,False,264.8116769681974,11150.0,40.2,20.7,56.56296316284262,Industry 3.0
464,VRF_System,Supplier_A,0.9,0.92,True,testing,False,,False,False,220.1637419719964,8650.0,25.2,13.2,56.53174557951975,Industry 3.0
465,Split_AC,Supplier_B,0.4,0.85,False,,False,,False,False,214.84725819264804,7350.0,25.2,13.2,35.09298248378255,Industry 3.0
466,Split_AC,Supplier_C,0.4,0.78,False,,False,,False,False,210.2220331006938,6150.0,25.2,13.2,42.9944462687894,Industry 3.0
467,VRF_System,Supplier_C,0.9,0.78,False,,False,,False,False,211.86946267769963,6150.0,25.2,13.2,60.73909051849997,Industry 3.0
468,Cassette_AC,Supplier_A,0.6,0.92,False,,False,,False,False,211.24678217819746,8650.0,25.2,13.2,39.49994679827779,Industry 3.0
469,Cassette_AC,Supplier_B,0.6,0.85,False,,False,,False,False,213.72331776915416,7350.0,25.2,13.2,43.487110635163546,Industry 3.0
470,Split_AC,Supplier_A,0.4,0.92,False,,False,,False,False,213.67121043603765,8650.0,25.2,13.2,36.70559121765383,Industry 3.0
472,Split_AC,Supplier_B,0.4,0.85,False,,False,,False,False,199.20570721466993,7350.0,25.2,13.2,40.70419126654821,Industry 3.0
471,Split_AC,Supplier_A,0.4,0.92,False,,False,,False,False,207.06465516070875,8650.0,25.2,13.2,37.19937252890486,Industry 3.0
475,Split_AC,Supplier_B,0.4,0.85,False,,False,,False,False,202.5899442826376,7350.0,25.2,13.2,39.10030839831934,Industry 3.0
473,Split_AC,Supplier_B,0.4,0.85,False,,False,,False,False,221.7344975401411,7350.0,25.2,13.2,32.24170835042758,Industry 3.0
474,VRF_System,Supplier_B,0.9,0.85,False,,False,,False,False,234.51298386952476,7350.0,25.2,13.2,59.68473880542048,Industry 3.0
477,VRF_System,Supplier_C,0.9,0.78,False,,False,,False,False,204.05967388638328,6150.0,25.2,13.2,62.25627068493466,Industry 3.0
478,Cassette_AC,Supplier_B,0.6,0.85,False,,False,,False,False,217.92384463860435,7350.0,25.2,13.2,49.35808065550911,Industry 3.0
476,Split_AC,Supplier_B,0.4,0.85,False,,False,,False,False,237.45425490525759,7350.0,25.2,13.2,38.759214497094916,Industry 3.0
479,Cassette_AC,Supplier_A,0.6,0.92,False,,False,,False,False,231.18081162298586,8650.0,25.2,13.2,48.28856933014726,Industry 3.0
481,Cassette_AC,Supplier_B,0.6,0.85,True,painting,False,,False,False,220.72716513353316,7350.0,25.2,13.2,42.30910517296455,Industry 3.0
482,Split_AC,Supplier_B,0.4,0.85,False,,False,,False,False,238.7561119272359,7350.0,25.2,13.2,38.99783266006918,Industry 3.0
483,Split_AC,Supplier_A,0.4,0.92,False,,False,,False,False,243.06861745701826,8650.0,25.2,13.2,41.31846686691678,Industry 3.0
485,VRF_System,Supplier_B,0.9,0.85,True,cutting,True,final_inspection,True,False,230.68463160875945,9850.0,40.2,20.7,65.44318389245298,Industry 3.0
480,Split_AC,Supplier_B,0.4,0.85,False,,False,,False,False,273.2739872755319,7350.0,25.2,13.2,32.91715567873166,Industry 3.0
484,Cassette_AC,Supplier_A,0.6,0.92,False,,False,,False,False,261.74938501720044,8650.0,25.2,13.2,48.12548936750959,Industry 3.0
488,Split_AC,Supplier_A,0.4,0.92,False,,False,,False,False,233.61097245510337,8650.0,25.2,13.2,37.52316396782055,Industry 3.0
486,VRF_System,Supplier_B,0.9,0.85,False,,False,,False,False,253.03347301784925,7350.0,25.2,13.2,65.95992755972216,Industry 3.0
487,Cassette_AC,Supplier_A,0.6,0.92,False,,False,,False,False,261.5720799342653,8650.0,25.2,13.2,42.0201710201975,Industry 3.0
489,Split_AC,Supplier_C,0.4,0.78,False,,False,,False,False,255.26512310597718,6150.0,25.2,13.2,43.983688418094445,Industry 3.0
490,Split_AC,Supplier_A,0.4,0.92,False,,False,,False,False,253.12459078324991,8650.0,25.2,13.2,41.00686112849714,Industry 3.0
491,VRF_System,Supplier_C,0.9,0.78,False,,False,,False,False,243.6798991413798,6150.0,25.2,13.2,67.06028462417964,Industry 3.0
493,Split_AC,Supplier_C,0.4,0.78,False,,False,,False,False,247.93600555617104,6150.0,25.2,13.2,43.87632334354218,Industry 3.0
492,Cassette_AC,Supplier_B,0.6,0.85,False,,False,,False,False,259.9448067746862,7350.0,25.2,13.2,51.51213933144044,Industry 3.0
494,VRF_System,Supplier_C,0.9,0.78,False,,False,,False,False,251.95592281681274,6150.0,25.2,13.2,66.78833448959772,Industry 3.0
497,VRF_System,Supplier_A,0.9,0.92,False,,False,,False,False,225.54110846289223,8650.0,25.2,13.2,64.42357503156981,Industry 3.0
496,Split_AC,Supplier_B,0.4,0.85,False,,False,,False,False,253.0830792346669,7350.0,25.2,13.2,33.7981787654448,Industry 3.0
499,Split_AC,Supplier_B,0.4,0.85,False,,False,,False,False,227.584015630684,7350.0,25.2,13.2,39.410734321882686,Industry 3.0
495,Split_AC,Supplier_C,0.4,0.78,False,,False,,False,False,287.56238579424553,6150.0,25.2,13.2,38.453996139547414,Industry 3.0
498,Split_AC,Supplier_B,0.4,0.85,False,,False,,False,False,249.22762528978637,7350.0,25.2,13.2,39.33572102430181,Industry 3.0
0,Split_AC,Supplier_B,0.4,0.85,False,,False,,False,False,98.69785885666498,7250.0,25.2,13.2,37.89217807460129,Industry 4.0
3,Cassette_AC,Supplier_C,0.6,0.78,False,,False,,False,False,99.58463116545747,6050.0,25.2,13.2,46.34563107455452,Industry 4.0
1,VRF_System,Supplier_B,0.9,0.85,False,,False,,False,False,115.80250619601541,7250.0,25.2,13.2,62.599049967211045,Industry 4.0
2,Cassette_AC,Supplier_B,0.6,0.85,False,,False,,False,False,127.04582200280971,7250.0,25.2,13.2,43.41432695367631,Industry 4.0
7,VRF_System,Supplier_C,0.9,0.78,True,assembly,True,assembly,True,False,85.81837967747374,7530.0,24.7,12.399999999999999,65.14804712669869,Industry 4.0
5,Cassette_AC,Supplier_B,0.6,0.85,False,,False,,False,False,111.01804405358445,7250.0,25.2,13.2,48.18092187468385,Industry 4.0
4,Split_AC,Supplier_B,0.4,0.85,False,,False,,False,False,132.46534905738525,7250.0,25.2,13.2,37.98512295507392,Industry 4.0
6,Cassette_AC,Supplier_C,0.6,0.78,False,,False,,False,False,122.85955687886883,6050.0,25.2,13.2,52.32668181709829,Industry 4.0
9,Split_AC,Supplier_C,0.4,0.78,False,,False,,False,False,107.65492033258134,6050.0,25.2,13.2,34.69186238453919,Industry 4.0
8,VRF_System,Supplier_B,0.9,0.85,True,testing,True,testing,True,False,122.1569941791646,8750.0,33.2,17.2,63.277707365416944,Industry 4.0
10,Split_AC,Supplier_B,0.4,0.85,False,,False,,False,False,109.84704051505899,7250.0,25.2,13.2,33.5559047109934,Industry 4.0
12,Cassette_AC,Supplier_A,0.6,0.92,False,,False,,False,False,103.71761713624394,8550.0,25.2,13.2,45.90633284512205,Industry 4.0
11,Cassette_AC,Supplier_C,0.6,0.78,False,,False,,False,False,131.85899752652008,6050.0,25.2,13.2,44.880206463357865,Industry 4.0
14,Split_AC,Supplier_A,0.4,0.92,False,,False,,False,False,99.68070417416712,8550.0,25.2,13.2,29.997250657276076,Industry 4.0
13,Cassette_AC,Supplier_A,0.6,0.92,True,cutting,False,,False,False,128.5525125489727,8550.0,25.2,13.2,43.80740207863792,Industry 4.0
15,Split_AC,Supplier_C,0.4,0.78,False,,False,,False,False,126.00330693415728,6050.0,25.2,13.2,38.9470080359661,Industry 4.0
16,Cassette_AC,Supplier_A,0.6,0.92,False,,False,,False,False,125.7859995348353,8550.0,25.2,13.2,42.8177969699567,Industry 4.0
17,Split_AC,Supplier_C,0.4,0.78,False,,False,,False,False,127.18954912630991,6050.0,25.2,13.2,39.019547336289044,Industry 4.0
18,VRF_System,Supplier_B,0.9,0.85,True,testing,True,testing,True,False,143.43553819289323,8750.0,33.2,17.2,54.3104415421316,Industry 4.0
19,Split_AC,Supplier_A,0.4,0.92,False,,False,,False,False,131.76482342633227,8550.0,25.2,13.2,33.79905504972896,Industry 4.0
20,VRF_System,Supplier_B,0.9,0.85,False,,False,,False,False,117.99366349640769,7250.0,25.2,13.2,67.07052474194766,Industry 4.0
21,VRF_System,Supplier_B,0.9,0.85,False,,False,,False,False,123.86201075004863,7250.0,25.2,13.2,61.517281734656024,Industry 4.0
25,Cassette_AC,Supplier_B,0.6,0.85,True,assembly,True,assembly,True,False,104.30414873398152,8730.0,24.7,12.399999999999999,54.113766581064525,Industry 4.0
23,Split_AC,Supplier_C,0.4,0.78,False,,False,,False,False,122.7198197490695,6050.0,25.2,13.2,39.47035501811584,Industry 4.0
24,Cassette_AC,Supplier_A,0.6,0.92,False,,False,,False,False,125.13389677611355,8550.0,25.2,13.2,44.77356507160441,Industry 4.0
22,VRF_System,Supplier_C,0.9,0.78,False,,False,,False,False,155.1636495166513,6050.0,25.2,13.2,67.04519385547152,Industry 4.0
27,Split_AC,Supplier_A,0.4,0.92,False,,False,,False,False,120.63810044997649,8550.0,25.2,13.2,34.77049069187862,Industry 4.0
26,VRF_System,Supplier_B,0.9,0.85,True,painting,True,final_auto_check,True,False,134.8907008114556,9250.0,37.2,19.2,67.47687222932927,Industry 4.0
28,Split_AC,Supplier_A,0.4,0.92,False,,False,,False,False,117.74428792160705,8550.0,25.2,13.2,40.00154831948732,Industry 4.0
29,Cassette_AC,Supplier_C,0.6,0.78,False,,False,,False,False,120.28695352145058,6050.0,25.2,13.2,50.7115145187601,Industry 4.0
30,Cassette_AC,Supplier_B,0.6,0.85,False,,False,,False,False,126.609961622159,7250.0,25.2,13.2,46.27606383620994,Industry 4.0
32,Split_AC,Supplier_C,0.4,0.78,False,,False,,False,False,118.1775290212588,6050.0,25.2,13.2,39.585993031174326,Industry 4.0
33,Split_AC,Supplier_B,0.4,0.85,False,,False,,False,False,127.18467888334573,7250.0,25.2,13.2,41.01894244239387,Industry 4.0
31,VRF_System,Supplier_B,0.9,0.85,False,,False,,False,False,143.11466781887947,7250.0,25.2,13.2,63.18069760698624,Industry 4.0
35,Cassette_AC,Supplier_A,0.6,0.92,False,,False,,False,False,127.64786190125318,8550.0,25.2,13.2,53.7999599826295,Industry 4.0
34,Split_AC,Supplier_A,0.4,0.92,False,,False,,False,False,146.15896086837222,8550.0,25.2,13.2,34.54361178918734,Industry 4.0
37,Cassette_AC,Supplier_A,0.6,0.92,False,,False,,False,False,137.75071805826644,8550.0,25.2,13.2,47.91711161199678,Industry 4.0
36,Cassette_AC,Supplier_A,0.6,0.92,False,,False,,False,False,143.7426774575436,8550.0,25.2,13.2,51.22420612188331,Industry 4.0
39,Split_AC,Supplier_C,0.4,0.78,False,,False,,False,False,138.98410518265962,6050.0,25.2,13.2,37.266024632639095,Industry 4.0
38,Cassette_AC,Supplier_C,0.6,0.78,False,,False,,False,False,161.51568322657658,6050.0,25.2,13.2,47.70416676319721,Industry 4.0
40,VRF_System,Supplier_C,0.9,0.78,False,,False,,False,False,146.65547191157918,6050.0,25.2,13.2,62.247885045975984,Industry 4.0
41,VRF_System,Supplier_C,0.9,0.78,True,cutting,True,final_auto_check,True,False,153.2017456914969,8050.0,37.2,19.2,58.744985548667685,Industry 4.0
44,Cassette_AC,Supplier_B,0.6,0.85,False,,False,,False,False,135.88767791874534,7250.0,25.2,13.2,52.63936120544368,Industry 4.0
42,Split_AC,Supplier_A,0.4,0.92,False,,False,,False,False,161.44793428450004,8550.0,25.2,13.2,33.47856040055625,Industry 4.0
43,Cassette_AC,Supplier_C,0.6,0.78,False,,False,,False,False,158.273723357446,6050.0,25.2,13.2,52.70809388001635,Industry 4.0
45,Cassette_AC,Supplier_B,0.6,0.85,True,testing,False,,False,False,157.15441486900562,7250.0,25.2,13.2,51.840723546960746,Industry 4.0
46,Split_AC,Supplier_C,0.4,0.78,False,,False,,False,False,161.80097516477474,6050.0,25.2,13.2,38.350113251290225,Industry 4.0
47,Split_AC,Supplier_A,0.4,0.92,True,testing,False,,False,False,164.3785114923707,8550.0,25.2,13.2,37.67876150558544,Industry 4.0
49,Cassette_AC,Supplier_A,0.6,0.92,False,,False,,False,False,157.51814739876033,8550.0,25.2,13.2,46.985175501577075,Industry 4.0
50,Split_AC,Supplier_A,0.4,0.92,False,,False,,False,False,157.57384798780896,8550.0,25.2,13.2,35.34577719409071,Industry 4.0
48,Cassette_AC,Supplier_A,0.6,0.92,False,,False,,False,False,181.76361936522636,8550.0,25.2,13.2,44.90639089557795,Industry 4.0
51,VRF_System,Supplier_C,0.9,0.78,True,painting,True,final_auto_check,True,False,171.42213266185365,8050.0,37.2,19.2,65.14314469978257,Industry 4.0
52,Split_AC,Supplier_C,0.4,0.78,False,,False,,False,False,176.28082180679155,6050.0,25.2,13.2,34.86565881070793,Industry 4.0
55,VRF_System,Supplier_B,0.9,0.85,False,,False,,False,False,161.1812898261129,7250.0,25.2,13.2,65.7725748155534,Industry 4.0
54,Cassette_AC,Supplier_B,0.6,0.85,False,,False,,False,False,175.39949671675527,7250.0,25.2,13.2,50.154361500411085,Industry 4.0
53,Cassette_AC,Supplier_C,0.6,0.78,True,brazing,False,,False,False,202.02131721698225,6050.0,25.2,13.2,49.32989714361281,Industry 4.0
56,Split_AC,Supplier_C,0.4,0.78,False,,False,,False,False,175.87116390405936,6050.0,25.2,13.2,38.50491177446861,Industry 4.0
57,Cassette_AC,Supplier_A,0.6,0.92,False,,False,,False,False,183.07272964705533,8550.0,25.2,13.2,51.76993916994098,Industry 4.0
58,Split_AC,Supplier_A,0.4,0.92,False,,False,,False,False,185.69286126940085,8550.0,25.2,13.2,32.385922849379725,Industry 4.0
59,Split_AC,Supplier_A,0.4,0.92,False,,False,,False,False,193.58452285544183,8550.0,25.2,13.2,39.5487714629157,Industry 4.0
61,Split_AC,Supplier_A,0.4,0.92,False,,False,,False,False,182.8970601845274,8550.0,25.2,13.2,41.32035769856347,Industry 4.0
62,Cassette_AC,Supplier_B,0.6,0.85,True,brazing,True,final_auto_check,True,False,188.3037130883264,9250.0,37.2,19.2,45.5375814103938,Industry 4.0
60,VRF_System,Supplier_A,0.9,0.92,False,,False,,False,False,206.24352042116993,8550.0,25.2,13.2,65.95653385386113,Industry 4.0
63,Split_AC,Supplier_A,0.4,0.92,False,,False,,False,False,191.3618793591387,8550.0,25.2,13.2,31.746087881794413,Industry 4.0
64,Split_AC,Supplier_A,0.4,0.92,False,,False,,False,False,186.41970996054226,8550.0,25.2,13.2,36.13992029754091,Industry 4.0
78,VRF_System,Supplier_B,0.9,0.85,True,brazing,True,brazing,False,True,37.22922126666799,13220.0,11.7,5.8999999999999995,57.35147855862391,Industry 4.0
65,VRF_System,Supplier_C,0.9,0.78,False,,False,,False,False,193.63836967849272,6050.0,25.2,13.2,60.90236446319129,Industry 4.0
66,Cassette_AC,Supplier_A,0.6,0.92,False,,False,,False,False,190.87706082068723,8550.0,25.2,13.2,45.47139705329661,Industry 4.0
67,Cassette_AC,Supplier_A,0.6,0.92,False,,False,,False,False,196.88518335108427,8550.0,25.2,13.2,38.02293533260191,Industry 4.0
68,Split_AC,Supplier_A,0.4,0.92,False,,False,,False,False,189.95812045372156,8550.0,25.2,13.2,33.4225961174919,Industry 4.0
69,Cassette_AC,Supplier_B,0.6,0.85,True,assembly,True,final_auto_check,True,False,183.98525216303597,9250.0,37.2,19.2,46.12013236999344,Industry 4.0
72,VRF_System,Supplier_A,0.9,0.92,False,,False,,False,False,159.67459238945207,8550.0,25.2,13.2,59.41094157764275,Industry 4.0
71,VRF_System,Supplier_C,0.9,0.78,False,,False,,False,False,180.92693929638597,6050.0,25.2,13.2,63.58623429815906,Industry 4.0
70,Split_AC,Supplier_B,0.4,0.85,False,,False,,False,False,197.26258488761084,7250.0,25.2,13.2,30.62237134887522,Industry 4.0
76,Split_AC,Supplier_B,0.4,0.85,False,,False,,False,False,141.11202765477753,7250.0,25.2,13.2,37.617299678153074,Industry 4.0
74,Cassette_AC,Supplier_B,0.6,0.85,False,,False,,False,False,172.70972252306774,7250.0,25.2,13.2,50.40761422709777,Industry 4.0
73,VRF_System,Supplier_C,0.9,0.78,False,,False,,False,False,204.2470396486275,6050.0,25.2,13.2,64.20629530800501,Industry 4.0
75,Split_AC,Supplier_B,0.4,0.85,False,,False,,False,False,187.19853809114966,7250.0,25.2,13.2,35.84082225412665,Industry 4.0
87,VRF_System,Supplier_C,0.9,0.78,True,brazing,True,brazing,True,False,69.45870113091723,7520.0,19.7,9.899999999999999,64.3502385656284,Industry 4.0
79,VRF_System,Supplier_A,0.9,0.92,True,assembly,True,final_auto_check,True,False,158.5061168651256,10550.0,37.2,19.2,59.44627273068973,Industry 4.0
77,Split_AC,Supplier_B,0.4,0.85,False,,False,,False,False,175.01651498553395,7250.0,25.2,13.2,33.967037367758735,Industry 4.0
81,Split_AC,Supplier_A,0.4,0.92,False,,False,,False,False,159.5559729305204,8550.0,25.2,13.2,39.58222115464193,Industry 4.0
80,VRF_System,Supplier_B,0.9,0.85,True,painting,True,painting,True,False,175.33632558363718,8740.0,31.2,16.2,58.63700339996562,Industry 4.0
82,Cassette_AC,Supplier_B,0.6,0.85,False,,False,,False,False,167.18106640773317,7250.0,25.2,13.2,49.164027030534,Industry 4.0
83,Cassette_AC,Supplier_B,0.6,0.85,False,,False,,False,False,156.49564680696585,7250.0,25.2,13.2,39.690213944564874,Industry 4.0
92,Cassette_AC,Supplier_B,0.6,0.85,True,brazing,True,brazing,True,False,80.08156756960614,8720.0,19.7,9.899999999999999,39.58943082227404,Industry 4.0
84,VRF_System,Supplier_B,0.9,0.85,True,brazing,False,,False,False,157.58432982964223,7250.0,25.2,13.2,71.7677690976585,Industry 4.0
85,Split_AC,Supplier_C,0.4,0.78,False,,False,,False,False,157.33244108879194,6050.0,25.2,13.2,45.057690598406126,Industry 4.0
86,VRF_System,Supplier_C,0.9,0.78,False,,False,,False,False,169.25589413961666,6050.0,25.2,13.2,76.38183434548188,Industry 4.0
88,VRF_System,Supplier_B,0.9,0.85,False,,False,,False,False,153.35212803756986,7250.0,25.2,13.2,72.05062953284141,Industry 4.0
90,Split_AC,Supplier_A,0.4,0.92,False,,False,,False,False,141.19193145639906,8550.0,25.2,13.2,34.66454421872842,Industry 4.0
91,Cassette_AC,Supplier_A,0.6,0.92,False,,False,,False,False,138.2663818218041,8550.0,25.2,13.2,39.100079180155376,Industry 4.0
89,VRF_System,Supplier_C,0.9,0.78,False,,False,,False,False,180.94188605161946,6050.0,25.2,13.2,64.52807078661505,Industry 4.0
93,Split_AC,Supplier_B,0.4,0.85,False,,False,,False,False,147.66086509356535,7250.0,25.2,13.2,33.32108520664116,Industry 4.0
95,Cassette_AC,Supplier_B,0.6,0.85,False,,False,,False,False,140.84283483100467,7250.0,25.2,13.2,50.77817939436379,Industry 4.0
96,Split_AC,Supplier_B,0.4,0.85,False,,False,,False,False,133.24365919456852,7250.0,25.2,13.2,36.58561898186387,Industry 4.0
97,Cassette_AC,Supplier_A,0.6,0.92,False,,False,,False,False,135.31336275623494,8550.0,25.2,13.2,34.19669665055625,Industry 4.0
100,Cassette_AC,Supplier_A,0.6,0.92,True,testing,True,final_auto_check,True,False,116.61796465677935,10550.0,37.2,19.2,49.361850940867384,Industry 4.0
99,Cassette_AC,Supplier_A,0.6,0.92,False,,False,,False,False,133.7631964864347,8550.0,25.2,13.2,44.305567264209216,Industry 4.0
94,VRF_System,Supplier_A,0.9,0.92,True,testing,True,testing,True,False,196.7239888625627,10050.0,33.2,17.2,65.84968407969457,Industry 4.0
98,Cassette_AC,Supplier_C,0.6,0.78,False,,False,,False,False,165.18867040696455,6050.0,25.2,13.2,54.275376772437525,Industry 4.0
101,VRF_System,Supplier_A,0.9,0.92,False,,False,,False,False,139.5934485574436,8550.0,25.2,13.2,62.30221445726025,Industry 4.0
103,Cassette_AC,Supplier_A,0.6,0.92,False,,False,,False,False,135.48599194568533,8550.0,25.2,13.2,50.03057351704237,Industry 4.0
102,Split_AC,Supplier_C,0.4,0.78,False,,False,,False,False,146.1860043942454,6050.0,25.2,13.2,39.652129864943745,Industry 4.0
105,Split_AC,Supplier_B,0.4,0.85,False,,False,,False,False,138.61771116827913,7250.0,25.2,13.2,42.970747997118266,Industry 4.0
104,VRF_System,Supplier_A,0.9,0.92,False,,False,,False,False,153.57774154406638,8550.0,25.2,13.2,59.016704021628236,Industry 4.0
106,Split_AC,Supplier_A,0.4,0.92,False,,False,,False,False,138.51142543549747,8550.0,25.2,13.2,34.10762465923048,Industry 4.0
109,Split_AC,Supplier_C,0.4,0.78,True,testing,True,final_auto_check,True,False,106.53749397990646,8050.0,37.2,19.2,38.91529178654126,Industry 4.0
108,Cassette_AC,Supplier_A,0.6,0.92,False,,False,,False,False,129.8536801110356,8550.0,25.2,13.2,48.50222360605679,Industry 4.0
107,VRF_System,Supplier_C,0.9,0.78,False,,False,,False,False,151.12602681786666,6050.0,25.2,13.2,59.3064785449238,Industry 4.0
110,Split_AC,Supplier_B,0.4,0.85,True,assembly,True,final_auto_check,True,False,125.11350350898533,9250.0,37.2,19.2,36.91793780032825,Industry 4.0
115,VRF_System,Supplier_C,0.9,0.78,True,assembly,True,assembly,True,False,81.54154870373122,7530.0,24.7,12.399999999999999,65.76106143184249,Industry 4.0
111,Split_AC,Supplier_C,0.4,0.78,False,,False,,False,False,119.51100675996395,6050.0,25.2,13.2,45.782950128987935,Industry 4.0
112,Cassette_AC,Supplier_C,0.6,0.78,False,,False,,False,False,127.72067618891765,6050.0,25.2,13.2,56.10452204569107,Industry 4.0
113,Cassette_AC,Supplier_C,0.6,0.78,False,,False,,False,False,120.68054121004025,6050.0,25.2,13.2,55.342675013465595,Industry 4.0
114,Split_AC,Supplier_A,0.4,0.92,False,,False,,False,False,121.33200629817816,8550.0,25.2,13.2,33.12543549388563,Industry 4.0
116,Split_AC,Supplier_C,0.4,0.78,False,,False,,False,False,109.72258673977899,6050.0,25.2,13.2,41.069279226193785,Industry 4.0
118,Cassette_AC,Supplier_A,0.6,0.92,True,testing,True,final_auto_check,True,False,96.76555635999694,10550.0,37.2,19.2,45.49120297010237,Industry 4.0
117,VRF_System,Supplier_C,0.9,0.78,False,,False,,False,False,118.53552860058244,6050.0,25.2,13.2,63.32514681601868,Industry 4.0
121,Split_AC,Supplier_C,0.4,0.78,False,,False,,False,False,95.02063700411509,6050.0,25.2,13.2,48.620228574759665,Industry 4.0
119,Cassette_AC,Supplier_C,0.6,0.78,False,,False,,False,False,116.35779809940368,6050.0,25.2,13.2,47.8340663765518,Industry 4.0
125,Cassette_AC,Supplier_B,0.6,0.85,True,painting,True,final_auto_check,True,False,84.1643189675824,9250.0,37.2,19.2,51.94621108211511,Industry 4.0
120,Cassette_AC,Supplier_B,0.6,0.85,False,,False,,False,False,126.89117637837967,7250.0,25.2,13.2,51.67871594097352,Industry 4.0
122,Split_AC,Supplier_B,0.4,0.85,False,,False,,False,False,122.92293405976807,7250.0,25.2,13.2,35.80816503792083,Industry 4.0
127,VRF_System,Supplier_A,0.9,0.92,True,assembly,True,assembly,True,False,84.13622548324679,10030.0,24.7,12.399999999999999,66.24174322985417,Industry 4.0
123,Split_AC,Supplier_B,0.4,0.85,False,,False,,False,False,118.84752902770128,7250.0,25.2,13.2,34.62135676359425,Industry 4.0
124,VRF_System,Supplier_C,0.9,0.78,False,,False,,False,False,127.06002490290007,6050.0,25.2,13.2,57.026895446012205,Industry 4.0
128,VRF_System,Supplier_A,0.9,0.92,False,,False,,False,False,110.33394844142754,8550.0,25.2,13.2,53.46221157116569,Industry 4.0
126,VRF_System,Supplier_A,0.9,0.92,False,,False,,False,False,135.91289261137376,8550.0,25.2,13.2,62.78437971818447,Industry 4.0
129,Cassette_AC,Supplier_B,0.6,0.85,True,painting,True,final_auto_check,True,False,125.80944565854224,9250.0,37.2,19.2,41.50408220973347,Industry 4.0
130,VRF_System,Supplier_B,0.9,0.85,False,,False,,False,False,130.47592937480022,7250.0,25.2,13.2,62.87959636320397,Industry 4.0
133,VRF_System,Supplier_A,0.9,0.92,True,assembly,True,assembly,True,False,111.09828239138596,10030.0,24.7,12.399999999999999,61.39949516545156,Industry 4.0
131,Cassette_AC,Supplier_A,0.6,0.92,False,,False,,False,False,134.6036788331253,8550.0,25.2,13.2,42.66227245152386,Industry 4.0
132,Cassette_AC,Supplier_A,0.6,0.92,False,,False,,False,False,123.127202814557,8550.0,25.2,13.2,50.89552228140754,Industry 4.0
134,VRF_System,Supplier_C,0.9,0.78,False,,False,,False,False,120.51519669748973,6050.0,25.2,13.2,68.68798773163776,Industry 4.0
135,Split_AC,Supplier_B,0.4,0.85,False,,False,,False,False,116.09061940816059,7250.0,25.2,13.2,42.29991941572784,Industry 4.0
136,Split_AC,Supplier_A,0.4,0.92,False,,False,,False,False,125.34573661193258,8550.0,25.2,13.2,31.61385351375245,Industry 4.0
137,Cassette_AC,Supplier_C,0.6,0.78,True,testing,False,,False,False,127.52420158922973,6050.0,25.2,13.2,55.436260631997584,Industry 4.0
139,Split_AC,Supplier_B,0.4,0.85,False,,False,,False,False,126.74619422551814,7250.0,25.2,13.2,40.53791426824016,Industry 4.0
138,Split_AC,Supplier_A,0.4,0.92,False,,False,,False,False,146.64068669018934,8550.0,25.2,13.2,33.982547331173976,Industry 4.0
140,Cassette_AC,Supplier_C,0.6,0.78,False,,False,,False,False,139.89152533376682,6050.0,25.2,13.2,47.93292361978904,Industry 4.0
141,VRF_System,Supplier_B,0.9,0.85,False,,False,,False,False,128.80298958863727,7250.0,25.2,13.2,66.43586999978947,Industry 4.0
143,Cassette_AC,Supplier_B,0.6,0.85,False,,False,,False,False,128.06643119791238,7250.0,25.2,13.2,54.18581108548898,Industry 4.0
142,VRF_System,Supplier_A,0.9,0.92,False,,False,,False,False,147.5065351179942,8550.0,25.2,13.2,58.21834507168736,Industry 4.0
144,Split_AC,Supplier_B,0.4,0.85,False,,False,,False,False,137.00984925626813,7250.0,25.2,13.2,30.529183568292144,Industry 4.0
145,Cassette_AC,Supplier_A,0.6,0.92,False,,False,,False,False,137.77811567643516,8550.0,25.2,13.2,44.110733472090416,Industry 4.0
155,VRF_System,Supplier_A,0.9,0.92,True,cutting,True,cutting,True,False,29.65581819787303,10010.0,11.5,5.8,56.005223477734525,Industry 4.0
146,VRF_System,Supplier_A,0.9,0.92,False,,False,,False,False,139.7191669005656,8550.0,25.2,13.2,58.76601457248113,Industry 4.0
147,VRF_System,Supplier_B,0.9,0.85,False,,False,,False,False,144.03890729250224,7250.0,25.2,13.2,65.80641713792411,Industry 4.0
148,VRF_System,Supplier_C,0.9,0.78,False,,False,,False,False,141.6137255822532,6050.0,25.2,13.2,56.05053691125977,Industry 4.0
149,Cassette_AC,Supplier_A,0.6,0.92,False,,False,,False,False,138.2276684850808,8550.0,25.2,13.2,45.172243413836256,Industry 4.0
150,VRF_System,Supplier_B,0.9,0.85,True,painting,True,final_auto_check,True,False,130.11619987631798,9250.0,37.2,19.2,60.024476425558206,Industry 4.0
153,Split_AC,Supplier_C,0.4,0.78,False,,False,,False,False,109.10549154025239,6050.0,25.2,13.2,42.63743066617705,Industry 4.0
151,Cassette_AC,Supplier_B,0.6,0.85,False,,False,,False,False,141.42196038535144,7250.0,25.2,13.2,48.973834830401316,Industry 4.0
152,VRF_System,Supplier_A,0.9,0.92,False,,False,,False,False,131.07461260306786,8550.0,25.2,13.2,61.058563404107936,Industry 4.0
161,VRF_System,Supplier_C,0.9,0.78,True,brazing,True,brazing,True,False,52.842429434105725,7520.0,19.7,9.899999999999999,65.258024227985,Industry 4.0
156,Split_AC,Supplier_B,0.4,0.85,False,,False,,False,False,108.39814618161336,7250.0,25.2,13.2,35.71450504312996,Industry 4.0
154,VRF_System,Supplier_C,0.9,0.78,True,cutting,True,final_auto_check,True,False,130.109362607069,8050.0,37.2,19.2,65.71296447572433,Industry 4.0
157,Split_AC,Supplier_C,0.4,0.78,False,,False,,False,False,117.00220401341653,6050.0,25.2,13.2,34.514131440824556,Industry 4.0
158,Split_AC,Supplier_C,0.4,0.78,False,,False,,False,False,110.13496101542137,6050.0,25.2,13.2,40.11042999773035,Industry 4.0
160,VRF_System,Supplier_B,0.9,0.85,False,,False,,False,False,123.07216147095619,7250.0,25.2,13.2,66.14887321475126,Industry 4.0
159,VRF_System,Supplier_A,0.9,0.92,False,,False,,False,False,132.36377698585943,8550.0,25.2,13.2,60.65257005345704,Industry 4.0
162,Cassette_AC,Supplier_B,0.6,0.85,False,,False,,False,False,115.18722199904983,7250.0,25.2,13.2,48.7636488206703,Industry 4.0
163,VRF_System,Supplier_B,0.9,0.85,False,,False,,False,False,106.57885248909997,7250.0,25.2,13.2,68.31873028584147,Industry 4.0
168,Split_AC,Supplier_B,0.4,0.85,True,brazing,True,brazing,True,False,59.30981491025159,8720.0,19.7,9.899999999999999,41.683295570617545,Industry 4.0
165,Cassette_AC,Supplier_B,0.6,0.85,False,,False,,False,False,107.97713563621187,7250.0,25.2,13.2,56.60613260831852,Industry 4.0
164,Cassette_AC,Supplier_C,0.6,0.78,False,,False,,False,False,122.63810798850182,6050.0,25.2,13.2,52.65326081973504,Industry 4.0
166,Cassette_AC,Supplier_A,0.6,0.92,True,brazing,False,,False,False,113.37413687291541,8550.0,25.2,13.2,44.098278286018356,Industry 4.0
167,Split_AC,Supplier_C,0.4,0.78,False,,False,,False,False,113.24534103452993,6050.0,25.2,13.2,34.553475033430644,Industry 4.0
170,Cassette_AC,Supplier_B,0.6,0.85,False,,False,,False,False,93.64167735316573,7250.0,25.2,13.2,48.89073987195944,Industry 4.0
169,Cassette_AC,Supplier_A,0.6,0.92,False,,False,,False,False,116.60902213109762,8550.0,25.2,13.2,43.34486673902052,Industry 4.0
172,Cassette_AC,Supplier_B,0.6,0.85,False,,False,,False,False,95.11633322291186,7250.0,25.2,13.2,43.19870029410514,Industry 4.0
171,VRF_System,Supplier_C,0.9,0.78,False,,False,,False,False,124.11182989366193,6050.0,25.2,13.2,64.84543958697368,Industry 4.0
173,Split_AC,Supplier_A,0.4,0.92,False,,False,,False,False,109.2829106050749,8550.0,25.2,13.2,37.652323003519165,Industry 4.0
174,Cassette_AC,Supplier_B,0.6,0.85,False,,False,,False,False,104.79642677424181,7250.0,25.2,13.2,44.94411862423122,Industry 4.0
176,VRF_System,Supplier_C,0.9,0.78,True,testing,True,final_auto_check,True,False,96.04726786257993,8050.0,37.2,19.2,63.64367523901601,Industry 4.0
181,VRF_System,Supplier_B,0.9,0.85,True,brazing,True,brazing,True,False,49.95987011921375,8720.0,19.7,9.899999999999999,64.52470500374534,Industry 4.0
179,VRF_System,Supplier_C,0.9,0.78,True,assembly,True,assembly,True,False,90.96207167795296,7530.0,24.7,12.399999999999999,72.4368504179101,Industry 4.0
175,Split_AC,Supplier_A,0.4,0.92,False,,False,,False,False,133.2526669145484,8550.0,25.2,13.2,36.67009480621488,Industry 4.0
180,VRF_System,Supplier_A,0.9,0.92,True,assembly,True,assembly,True,False,91.31509298714855,10030.0,24.7,12.399999999999999,57.565584185898494,Industry 4.0
177,VRF_System,Supplier_B,0.9,0.85,False,,False,,False,False,123.41314199619819,7250.0,25.2,13.2,64.3492549067497,Industry 4.0
178,VRF_System,Supplier_C,0.9,0.78,True,cutting,False,,False,False,115.12915151404536,6050.0,25.2,13.2,64.49462596679626,Industry 4.0
186,Cassette_AC,Supplier_C,0.6,0.78,True,brazing,True,brazing,True,False,52.67248110229161,7520.0,19.7,9.899999999999999,54.44622181138192,Industry 4.0
182,Cassette_AC,Supplier_C,0.6,0.78,False,,False,,False,False,103.36384658121983,6050.0,25.2,13.2,49.816025976606014,Industry 4.0
183,VRF_System,Supplier_A,0.9,0.92,False,,False,,False,False,118.52155737132489,8550.0,25.2,13.2,58.45742695965747,Industry 4.0
185,Cassette_AC,Supplier_C,0.6,0.78,False,,False,,False,False,114.01336758844218,6050.0,25.2,13.2,49.950272548149044,Industry 4.0
184,Split_AC,Supplier_C,0.4,0.78,False,,False,,False,False,128.7113103529298,6050.0,25.2,13.2,36.8342078476725,Industry 4.0
187,Split_AC,Supplier_A,0.4,0.92,False,,False,,False,False,113.07195253503824,8550.0,25.2,13.2,31.716055750878496,Industry 4.0
188,VRF_System,Supplier_B,0.9,0.85,False,,False,,False,False,116.21912211735298,7250.0,25.2,13.2,60.22013423990378,Industry 4.0
189,Cassette_AC,Supplier_B,0.6,0.85,False,,False,,False,False,115.28241072479204,7250.0,25.2,13.2,39.48497310950789,Industry 4.0
191,Cassette_AC,Supplier_B,0.6,0.85,False,,False,,False,False,110.84325123657709,7250.0,25.2,13.2,43.478398490137394,Industry 4.0
194,Cassette_AC,Supplier_A,0.6,0.92,False,,False,,False,False,103.3551559842374,8550.0,25.2,13.2,48.23697753053315,Industry 4.0
192,VRF_System,Supplier_B,0.9,0.85,False,,False,,False,False,123.41453189846902,7250.0,25.2,13.2,53.18869137198719,Industry 4.0
190,VRF_System,Supplier_A,0.9,0.92,False,,False,,False,False,161.13439339935007,8550.0,25.2,13.2,60.41250071981415,Industry 4.0
193,VRF_System,Supplier_C,0.9,0.78,False,,False,,False,False,149.88953699715444,6050.0,25.2,13.2,69.96293250744867,Industry 4.0
198,Split_AC,Supplier_B,0.4,0.85,False,,False,,False,False,108.45687157433508,7250.0,25.2,13.2,28.911878347488667,Industry 4.0
195,Split_AC,Supplier_B,0.4,0.85,False,,False,,False,False,140.81317178985523,7250.0,25.2,13.2,41.95721353202907,Industry 4.0
196,Split_AC,Supplier_C,0.4,0.78,False,,False,,False,False,134.55339252411613,6050.0,25.2,13.2,41.442359606345356,Industry 4.0
197,VRF_System,Supplier_A,0.9,0.92,False,,False,,False,False,137.49974316664293,8550.0,25.2,13.2,66.36911800406064,Industry 4.0
199,Split_AC,Supplier_A,0.4,0.92,False,,False,,False,False,137.49976841705416,8550.0,25.2,13.2,35.28237391636985,Industry 4.0
202,VRF_System,Supplier_A,0.9,0.92,False,,False,,False,False,106.34514876211665,8550.0,25.2,13.2,62.709741894260866,Industry 4.0
200,Cassette_AC,Supplier_A,0.6,0.92,False,,False,,False,False,146.82545922416944,8550.0,25.2,13.2,43.39639199878336,Industry 4.0
201,VRF_System,Supplier_B,0.9,0.85,False,,False,,False,False,142.39344285517836,7250.0,25.2,13.2,58.13871878364084,Industry 4.0
205,VRF_System,Supplier_B,0.9,0.85,False,,False,,False,False,113.611859484879,7250.0,25.2,13.2,62.36131543802343,Industry 4.0
203,VRF_System,Supplier_A,0.9,0.92,False,,False,,False,False,141.83470844776025,8550.0,25.2,13.2,67.4097685389616,Industry 4.0
206,Cassette_AC,Supplier_A,0.6,0.92,False,,False,,False,False,118.59310256606955,8550.0,25.2,13.2,45.917241072672056,Industry 4.0
204,Split_AC,Supplier_C,0.4,0.78,False,,False,,False,False,148.49049635188703,6050.0,25.2,13.2,32.772067597676724,Industry 4.0
207,Cassette_AC,Supplier_C,0.6,0.78,False,,False,,False,False,139.73500158807406,6050.0,25.2,13.2,51.62634099056585,Industry 4.0
210,Split_AC,Supplier_C,0.4,0.78,False,,False,,False,False,111.98837323043972,6050.0,25.2,13.2,44.86799824100379,Industry 4.0
208,Split_AC,Supplier_C,0.4,0.78,False,,False,,False,False,147.39517408605388,6050.0,25.2,13.2,40.81451329010241,Industry 4.0
209,VRF_System,Supplier_C,0.9,0.78,False,,False,,False,False,141.39023521034687,6050.0,25.2,13.2,70.51808126212288,Industry 4.0
212,VRF_System,Supplier_C,0.9,0.78,True,brazing,True,final_auto_check,True,False,117.54511271073716,8050.0,37.2,19.2,68.28621745191782,Industry 4.0
213,Split_AC,Supplier_B,0.4,0.85,False,,False,,False,False,109.73299959705173,7250.0,25.2,13.2,32.622473548009474,Industry 4.0
211,Cassette_AC,Supplier_A,0.6,0.92,False,,False,,False,False,146.82669996191726,8550.0,25.2,13.2,46.51368695539822,Industry 4.0
214,Cassette_AC,Supplier_A,0.6,0.92,False,,False,,False,False,124.56859935371949,8550.0,25.2,13.2,51.49382663449039,Industry 4.0
217,Split_AC,Supplier_A,0.4,0.92,True,cutting,False,,False,False,108.66173959758635,8550.0,25.2,13.2,33.77265685873916,Industry 4.0
215,Cassette_AC,Supplier_C,0.6,0.78,False,,False,,False,False,132.3759811646487,6050.0,25.2,13.2,46.60347484424829,Industry 4.0
216,Split_AC,Supplier_C,0.4,0.78,False,,False,,False,False,143.11773110934564,6050.0,25.2,13.2,39.85701564458,Industry 4.0
218,VRF_System,Supplier_C,0.9,0.78,False,,False,,False,False,125.3950065326967,6050.0,25.2,13.2,63.459202536700346,Industry 4.0
220,VRF_System,Supplier_C,0.9,0.78,False,,False,,False,False,125.07708843658384,6050.0,25.2,13.2,63.42036708868206,Industry 4.0
219,VRF_System,Supplier_B,0.9,0.85,True,testing,False,,False,False,132.9665980533341,7250.0,25.2,13.2,66.15318746334397,Industry 4.0
222,Split_AC,Supplier_B,0.4,0.85,False,,False,,False,False,121.84917466296474,7250.0,25.2,13.2,34.292310664048955,Industry 4.0
221,Cassette_AC,Supplier_A,0.6,0.92,False,,False,,False,False,140.97381176505178,8550.0,25.2,13.2,43.69322937746733,Industry 4.0
224,VRF_System,Supplier_C,0.9,0.78,False,,False,,False,False,117.3582405514585,6050.0,25.2,13.2,59.0027787721858,Industry 4.0
225,Split_AC,Supplier_C,0.4,0.78,False,,False,,False,False,115.65147552527242,6050.0,25.2,13.2,36.277494642910455,Industry 4.0
223,Split_AC,Supplier_C,0.4,0.78,False,,False,,False,False,137.18406487083666,6050.0,25.2,13.2,41.08507027602079,Industry 4.0
227,Split_AC,Supplier_A,0.4,0.92,True,testing,True,final_auto_check,True,False,115.19725348329575,10550.0,37.2,19.2,39.333872354088605,Industry 4.0
226,VRF_System,Supplier_B,0.9,0.85,False,,False,,False,False,137.44430348157675,7250.0,25.2,13.2,66.07432387611789,Industry 4.0
228,VRF_System,Supplier_C,0.9,0.78,True,painting,True,painting,True,False,146.87162068710177,7540.0,31.2,16.2,66.93085318277055,Industry 4.0
229,Cassette_AC,Supplier_C,0.6,0.78,False,,False,,False,False,137.96688725939612,6050.0,25.2,13.2,46.758724514242644,Industry 4.0
232,Split_AC,Supplier_A,0.4,0.92,False,,False,,False,False,125.58814381378306,8550.0,25.2,13.2,35.63767238726318,Industry 4.0
239,Cassette_AC,Supplier_B,0.6,0.85,True,brazing,True,brazing,True,False,60.78921220911434,8720.0,19.7,9.899999999999999,51.39157962693419,Industry 4.0
230,VRF_System,Supplier_B,0.9,0.85,False,,False,,False,False,148.9913216350028,7250.0,25.2,13.2,61.64101993964574,Industry 4.0
231,Cassette_AC,Supplier_B,0.6,0.85,False,,False,,False,False,147.28128063301529,7250.0,25.2,13.2,46.28031485725485,Industry 4.0
233,Split_AC,Supplier_A,0.4,0.92,False,,False,,False,False,133.34107880957436,8550.0,25.2,13.2,28.661033322438897,Industry 4.0
234,Cassette_AC,Supplier_B,0.6,0.85,False,,False,,False,False,135.2034279848067,7250.0,25.2,13.2,45.36813697113415,Industry 4.0
235,Cassette_AC,Supplier_A,0.6,0.92,True,painting,True,final_auto_check,True,False,130.26706780649647,10550.0,37.2,19.2,44.64191575059067,Industry 4.0
236,Split_AC,Supplier_B,0.4,0.85,True,brazing,True,final_auto_check,True,False,133.48207408420558,9250.0,37.2,19.2,32.64999089632139,Industry 4.0
237,Cassette_AC,Supplier_C,0.6,0.78,False,,False,,False,False,120.5808801033013,6050.0,25.2,13.2,50.932568662146465,Industry 4.0
238,Cassette_AC,Supplier_C,0.6,0.78,False,,False,,False,False,131.25789139991957,6050.0,25.2,13.2,55.22815892058753,Industry 4.0
241,Cassette_AC,Supplier_C,0.6,0.78,False,,False,,False,False,118.2016324587562,6050.0,25.2,13.2,51.64817123363055,Industry 4.0
240,Cassette_AC,Supplier_A,0.6,0.92,False,,False,,False,False,137.66487636997726,8550.0,25.2,13.2,43.668054200389264,Industry 4.0
245,VRF_System,Supplier_B,0.9,0.85,True,assembly,True,assembly,True,False,96.85549196230659,8730.0,24.7,12.399999999999999,62.04047093752877,Industry 4.0
242,VRF_System,Supplier_C,0.9,0.78,False,,False,,False,False,130.43684965985176,6050.0,25.2,13.2,64.20297984200405,Industry 4.0
243,Split_AC,Supplier_B,0.4,0.85,True,assembly,True,final_auto_check,True,False,127.45766919102562,9250.0,37.2,19.2,35.35457472905661,Industry 4.0
244,VRF_System,Supplier_A,0.9,0.92,False,,False,,False,False,129.35553382045282,8550.0,25.2,13.2,57.024496168326955,Industry 4.0
246,Split_AC,Supplier_C,0.4,0.78,False,,False,,False,False,126.82004802922029,6050.0,25.2,13.2,37.84482373039616,Industry 4.0
247,Cassette_AC,Supplier_A,0.6,0.92,True,testing,True,final_auto_check,True,False,127.12171290382639,10550.0,37.2,19.2,48.03312285888765,Industry 4.0
249,Split_AC,Supplier_C,0.4,0.78,False,,False,,False,False,115.14256508596964,6050.0,25.2,13.2,37.13026599322693,Industry 4.0
248,Split_AC,Supplier_A,0.4,0.92,False,,False,,False,False,131.83909970037166,8550.0,25.2,13.2,39.516624782088186,Industry 4.0
250,Split_AC,Supplier_C,0.4,0.78,False,,False,,False,False,121.88423029993373,6050.0,25.2,13.2,44.77436872019379,Industry 4.0
252,Split_AC,Supplier_B,0.4,0.85,True,assembly,True,final_auto_check,True,False,106.50186147436125,9250.0,37.2,19.2,34.11770459568285,Industry 4.0
251,Split_AC,Supplier_A,0.4,0.92,False,,False,,False,False,135.88387341093448,8550.0,25.2,13.2,41.84140320926544,Industry 4.0
253,Cassette_AC,Supplier_A,0.6,0.92,False,,False,,False,False,118.83526898340506,8550.0,25.2,13.2,47.85871039903661,Industry 4.0
254,Cassette_AC,Supplier_C,0.6,0.78,False,,False,,False,False,124.13358038414844,6050.0,25.2,13.2,49.31558923797209,Industry 4.0
256,Split_AC,Supplier_A,0.4,0.92,False,,False,,False,False,104.85002047319631,8550.0,25.2,13.2,33.02046041789629,Industry 4.0
255,Cassette_AC,Supplier_B,0.6,0.85,True,cutting,True,final_auto_check,True,False,126.68024265410531,9250.0,37.2,19.2,44.9663828972356,Industry 4.0
257,Split_AC,Supplier_C,0.4,0.78,False,,False,,False,False,122.76459839278459,6050.0,25.2,13.2,35.68733252483038,Industry 4.0
259,VRF_System,Supplier_A,0.9,0.92,False,,False,,False,False,118.0041591295444,8550.0,25.2,13.2,55.79879311635629,Industry 4.0
258,VRF_System,Supplier_A,0.9,0.92,False,,False,,False,False,132.19671934254575,8550.0,25.2,13.2,63.90955312637982,Industry 4.0
260,Cassette_AC,Supplier_C,0.6,0.78,False,,False,,False,False,122.34365908426162,6050.0,25.2,13.2,54.58088774057755,Industry 4.0
262,Split_AC,Supplier_A,0.4,0.92,False,,False,,False,False,110.96901838371423,8550.0,25.2,13.2,34.85615195000827,Industry 4.0
261,Split_AC,Supplier_B,0.4,0.85,False,,False,,False,False,125.57258592684775,7250.0,25.2,13.2,37.86882974256474,Industry 4.0
265,Split_AC,Supplier_B,0.4,0.85,False,,False,,False,False,108.26041713093355,7250.0,25.2,13.2,34.98367043547377,Industry 4.0
263,VRF_System,Supplier_A,0.9,0.92,False,,False,,False,False,122.23166676036408,8550.0,25.2,13.2,64.00032327887251,Industry 4.0
264,Split_AC,Supplier_A,0.4,0.92,False,,False,,False,False,130.10893704771888,8550.0,25.2,13.2,29.48255730564863,Industry 4.0
266,Cassette_AC,Supplier_A,0.6,0.92,False,,False,,False,False,129.45956376360755,8550.0,25.2,13.2,41.169760815315904,Industry 4.0
267,VRF_System,Supplier_A,0.9,0.92,False,,False,,False,False,132.3772806099637,8550.0,25.2,13.2,61.97770851523804,Industry 4.0
268,VRF_System,Supplier_B,0.9,0.85,False,,False,,False,False,133.58861585074146,7250.0,25.2,13.2,64.10633514815953,Industry 4.0
271,Cassette_AC,Supplier_C,0.6,0.78,False,,False,,False,False,109.82123450717563,6050.0,25.2,13.2,52.985987247826486,Industry 4.0
269,Split_AC,Supplier_B,0.4,0.85,True,brazing,True,final_auto_check,True,False,137.29641406579003,9250.0,37.2,19.2,37.06592882130737,Industry 4.0
279,VRF_System,Supplier_A,0.9,0.92,True,brazing,True,brazing,True,False,54.15451775972542,10020.0,19.7,9.899999999999999,60.84959369369914,Industry 4.0
272,VRF_System,Supplier_A,0.9,0.92,False,,False,,False,False,120.84123881607547,8550.0,25.2,13.2,67.95834633495285,Industry 4.0
270,Cassette_AC,Supplier_A,0.6,0.92,False,,False,,False,False,149.9201254563909,8550.0,25.2,13.2,47.41436034040798,Industry 4.0
274,VRF_System,Supplier_A,0.9,0.92,False,,False,,False,False,122.58173955433995,8550.0,25.2,13.2,61.41510867307012,Industry 4.0
273,Cassette_AC,Supplier_C,0.6,0.78,False,,False,,False,False,128.41009035410707,6050.0,25.2,13.2,44.232042698804015,Industry 4.0
276,Cassette_AC,Supplier_A,0.6,0.92,True,testing,True,final_auto_check,True,False,120.1222512142017,10550.0,37.2,19.2,44.104283881028,Industry 4.0
275,VRF_System,Supplier_A,0.9,0.92,False,,False,,False,False,135.50095821961895,8550.0,25.2,13.2,63.6312343566255,Industry 4.0
277,Split_AC,Supplier_B,0.4,0.85,False,,False,,False,False,132.3166609390396,7250.0,25.2,13.2,32.92826576187875,Industry 4.0
286,VRF_System,Supplier_A,0.9,0.92,True,brazing,True,brazing,False,True,40.15587229479024,14520.0,11.7,5.8999999999999995,65.44757707421427,Industry 4.0
278,Cassette_AC,Supplier_A,0.6,0.92,False,,False,,False,False,128.2255571000328,8550.0,25.2,13.2,45.467582051084634,Industry 4.0
280,Cassette_AC,Supplier_A,0.6,0.92,False,,False,,False,False,131.78723119478445,8550.0,25.2,13.2,42.083558946684406,Industry 4.0
281,VRF_System,Supplier_C,0.9,0.78,False,,False,,False,False,137.21954651349142,6050.0,25.2,13.2,58.97670731251157,Industry 4.0
282,Split_AC,Supplier_B,0.4,0.85,False,,False,,False,False,129.8493274723187,7250.0,25.2,13.2,40.67287594077992,Industry 4.0
283,Cassette_AC,Supplier_A,0.6,0.92,False,,False,,False,False,126.24296690068331,8550.0,25.2,13.2,43.66615261467958,Industry 4.0
285,Cassette_AC,Supplier_B,0.6,0.85,False,,False,,False,False,111.73274351916325,7250.0,25.2,13.2,46.565897137472035,Industry 4.0
284,VRF_System,Supplier_A,0.9,0.92,False,,False,,False,False,144.47324458583535,8550.0,25.2,13.2,61.77983745107345,Industry 4.0
287,Split_AC,Supplier_A,0.4,0.92,False,,False,,False,False,118.36964101038211,8550.0,25.2,13.2,38.2394804576016,Industry 4.0
288,Split_AC,Supplier_A,0.4,0.92,False,,False,,False,False,121.43909007359161,8550.0,25.2,13.2,30.47998446147723,Industry 4.0
289,Cassette_AC,Supplier_A,0.6,0.92,False,,False,,False,False,120.84198809158897,8550.0,25.2,13.2,50.1725714126145,Industry 4.0
296,Split_AC,Supplier_A,0.4,0.92,True,brazing,True,brazing,True,False,57.37421584721369,10020.0,19.7,9.899999999999999,35.51105682101981,Industry 4.0
290,VRF_System,Supplier_A,0.9,0.92,False,,False,,False,False,126.79157806037301,8550.0,25.2,13.2,68.69351566959399,Industry 4.0
291,Split_AC,Supplier_C,0.4,0.78,True,testing,True,final_auto_check,True,False,123.6179924649,8050.0,37.2,19.2,37.31424436737015,Industry 4.0
300,VRF_System,Supplier_C,0.9,0.78,True,brazing,True,brazing,False,True,38.34084821868646,12020.0,11.7,5.8999999999999995,70.27388199003836,Industry 4.0
292,Split_AC,Supplier_B,0.4,0.85,True,painting,True,final_auto_check,True,False,124.79700761709546,9250.0,37.2,19.2,42.95979336801382,Industry 4.0
298,Split_AC,Supplier_B,0.4,0.85,True,brazing,True,brazing,True,False,70.49201307274097,8720.0,19.7,9.899999999999999,32.652341285771,Industry 4.0
294,Split_AC,Supplier_A,0.4,0.92,False,,False,,False,False,116.55216107250635,8550.0,25.2,13.2,38.85802295355002,Industry 4.0
293,Split_AC,Supplier_A,0.4,0.92,False,,False,,False,False,132.2160079110854,8550.0,25.2,13.2,36.380199364196585,Industry 4.0
295,Cassette_AC,Supplier_A,0.6,0.92,False,,False,,False,False,134.34663126505075,8550.0,25.2,13.2,45.35069100428258,Industry 4.0
297,Split_AC,Supplier_B,0.4,0.85,False,,False,,False,False,114.37351562360209,7250.0,25.2,13.2,41.72668356374125,Industry 4.0
299,Split_AC,Supplier_B,0.4,0.85,False,,False,,False,False,108.81352784175306,7250.0,25.2,13.2,36.400544722061014,Industry 4.0
301,Cassette_AC,Supplier_C,0.6,0.78,False,,False,,False,False,121.16161823442098,6050.0,25.2,13.2,46.81035102998436,Industry 4.0
303,VRF_System,Supplier_A,0.9,0.92,False,,False,,False,False,118.20068843408217,8550.0,25.2,13.2,65.41374918097797,Industry 4.0
302,Split_AC,Supplier_C,0.4,0.78,False,,False,,False,False,132.25358303198527,6050.0,25.2,13.2,41.15267878097583,Industry 4.0
304,VRF_System,Supplier_A,0.9,0.92,False,,False,,False,False,129.8756050326797,8550.0,25.2,13.2,59.547196129063515,Industry 4.0
305,Cassette_AC,Supplier_C,0.6,0.78,False,,False,,False,False,131.0750681189411,6050.0,25.2,13.2,43.621280098101735,Industry 4.0
311,VRF_System,Supplier_B,0.9,0.85,True,brazing,True,brazing,True,False,65.07616016640077,8720.0,19.7,9.899999999999999,56.40715006837892,Industry 4.0
306,Cassette_AC,Supplier_B,0.6,0.85,False,,False,,False,False,130.5631546939585,7250.0,25.2,13.2,56.13874189713489,Industry 4.0
307,Cassette_AC,Supplier_C,0.6,0.78,False,,False,,False,False,125.42220558479039,6050.0,25.2,13.2,52.90861653154644,Industry 4.0
310,Split_AC,Supplier_B,0.4,0.85,False,,False,,False,False,96.61371132589329,7250.0,25.2,13.2,37.209778205314535,Industry 4.0
308,Split_AC,Supplier_A,0.4,0.92,False,,False,,False,False,134.2043911935716,8550.0,25.2,13.2,36.264252096920046,Industry 4.0
309,VRF_System,Supplier_A,0.9,0.92,False,,False,,False,False,128.2364315529967,8550.0,25.2,13.2,62.370536148729045,Industry 4.0
313,Cassette_AC,Supplier_A,0.6,0.92,False,,False,,False,False,99.36413159864105,8550.0,25.2,13.2,51.464573660982765,Industry 4.0
314,VRF_System,Supplier_A,0.9,0.92,False,,False,,False,False,103.2352565753331,8550.0,25.2,13.2,59.39029600785686,Industry 4.0
312,VRF_System,Supplier_B,0.9,0.85,False,,False,,False,False,135.5174982683502,7250.0,25.2,13.2,68.19394399953968,Industry 4.0
315,VRF_System,Supplier_C,0.9,0.78,False,,False,,False,False,107.21009602868799,6050.0,25.2,13.2,72.45717506666418,Industry 4.0
316,Cassette_AC,Supplier_C,0.6,0.78,False,,False,,False,False,120.06978365978648,6050.0,25.2,13.2,45.91106912018546,Industry 4.0
317,VRF_System,Supplier_B,0.9,0.85,False,,False,,False,False,118.7735164374185,7250.0,25.2,13.2,70.85633090370473,Industry 4.0
319,VRF_System,Supplier_A,0.9,0.92,False,,False,,False,False,114.1827988266632,8550.0,25.2,13.2,56.52575546081975,Industry 4.0
318,Split_AC,Supplier_B,0.4,0.85,False,,False,,False,False,129.89716444116766,7250.0,25.2,13.2,40.19534138167943,Industry 4.0
321,VRF_System,Supplier_B,0.9,0.85,True,testing,False,,False,False,112.09365089419225,7250.0,25.2,13.2,60.17169025488249,Industry 4.0
322,Cassette_AC,Supplier_A,0.6,0.92,False,,False,,False,False,119.47819566663975,8550.0,25.2,13.2,42.982881117912555,Industry 4.0
320,Cassette_AC,Supplier_A,0.6,0.92,False,,False,,False,False,141.26175086089597,8550.0,25.2,13.2,57.31986121049698,Industry 4.0
323,VRF_System,Supplier_C,0.9,0.78,False,,False,,False,False,126.19594412559582,6050.0,25.2,13.2,66.28766511690081,Industry 4.0
325,Cassette_AC,Supplier_B,0.6,0.85,False,,False,,False,False,108.43427409759988,7250.0,25.2,13.2,43.07081838185594,Industry 4.0
324,VRF_System,Supplier_B,0.9,0.85,False,,False,,False,False,139.6453997457088,7250.0,25.2,13.2,65.34674419853079,Industry 4.0
326,VRF_System,Supplier_B,0.9,0.85,False,,False,,False,False,124.7311977745735,7250.0,25.2,13.2,67.03445612503435,Industry 4.0
329,VRF_System,Supplier_C,0.9,0.78,False,,False,,False,False,110.84413106882084,6050.0,25.2,13.2,65.65402356432766,Industry 4.0
327,VRF_System,Supplier_C,0.9,0.78,True,painting,False,,False,False,137.36154418179285,6050.0,25.2,13.2,63.59125224899317,Industry 4.0
328,Split_AC,Supplier_A,0.4,0.92,False,,False,,False,False,134.09635247227516,8550.0,25.2,13.2,41.09508950771877,Industry 4.0
330,Split_AC,Supplier_B,0.4,0.85,False,,False,,False,False,129.9726982770112,7250.0,25.2,13.2,32.67797098973762,Industry 4.0
332,VRF_System,Supplier_C,0.9,0.78,False,,False,,False,False,118.33013148913642,6050.0,25.2,13.2,59.12473585148671,Industry 4.0
339,Cassette_AC,Supplier_B,0.6,0.85,True,brazing,True,brazing,True,False,60.76001836943942,8720.0,19.7,9.899999999999999,48.8162331447698,Industry 4.0
333,Split_AC,Supplier_B,0.4,0.85,True,assembly,False,,False,False,114.36422220348732,7250.0,25.2,13.2,40.80492297487561,Industry 4.0
331,VRF_System,Supplier_C,0.9,0.78,False,,False,,False,False,147.02311433436353,6050.0,25.2,13.2,70.29534199198835,Industry 4.0
334,VRF_System,Supplier_A,0.9,0.92,False,,False,,False,False,129.81799853080065,8550.0,25.2,13.2,58.10738891832851,Industry 4.0
336,VRF_System,Supplier_B,0.9,0.85,False,,False,,False,False,122.6424586297876,7250.0,25.2,13.2,64.99041117855002,Industry 4.0
335,VRF_System,Supplier_B,0.9,0.85,False,,False,,False,False,139.7898138155574,7250.0,25.2,13.2,62.975819964110975,Industry 4.0
338,Cassette_AC,Supplier_B,0.6,0.85,True,assembly,True,final_auto_check,True,False,116.07585605412214,9250.0,37.2,19.2,41.66216912746392,Industry 4.0
343,VRF_System,Supplier_C,0.9,0.78,True,brazing,True,brazing,True,False,65.1317397498292,7520.0,19.7,9.899999999999999,70.29032944964264,Industry 4.0
340,Cassette_AC,Supplier_A,0.6,0.92,True,cutting,True,final_auto_check,True,False,107.21253265471614,10550.0,37.2,19.2,39.63278468411583,Industry 4.0
337,Cassette_AC,Supplier_C,0.6,0.78,False,,False,,False,False,152.23981685745866,6050.0,25.2,13.2,49.43359800631106,Industry 4.0
342,Split_AC,Supplier_C,0.4,0.78,False,,False,,False,False,112.24585632643311,6050.0,25.2,13.2,42.088717004204085,Industry 4.0
347,VRF_System,Supplier_C,0.9,0.78,True,brazing,True,brazing,True,False,54.16585325743381,7520.0,19.7,9.899999999999999,72.28172351432062,Industry 4.0
341,VRF_System,Supplier_C,0.9,0.78,False,,False,,False,False,140.8797009190166,6050.0,25.2,13.2,65.65295621478164,Industry 4.0
344,Cassette_AC,Supplier_A,0.6,0.92,True,brazing,False,,False,False,116.41660258889942,8550.0,25.2,13.2,46.446451982561285,Industry 4.0
345,Split_AC,Supplier_C,0.4,0.78,False,,False,,False,False,103.88211679154756,6050.0,25.2,13.2,41.00284115148904,Industry 4.0
346,VRF_System,Supplier_B,0.9,0.85,False,,False,,False,False,132.6730664292063,7250.0,25.2,13.2,66.563588196206,Industry 4.0
351,Split_AC,Supplier_A,0.4,0.92,False,,False,,False,False,96.4611775170797,8550.0,25.2,13.2,35.677108980071466,Industry 4.0
348,VRF_System,Supplier_A,0.9,0.92,False,,False,,False,False,129.41735950697193,8550.0,25.2,13.2,61.046333971485616,Industry 4.0
350,Split_AC,Supplier_B,0.4,0.85,True,testing,True,final_auto_check,True,False,124.07214568067957,9250.0,37.2,19.2,31.790118880473923,Industry 4.0
349,Split_AC,Supplier_C,0.4,0.78,False,,False,,False,False,136.3601419841093,6050.0,25.2,13.2,43.96599745048931,Industry 4.0
353,Split_AC,Supplier_A,0.4,0.92,True,cutting,False,,False,False,112.74783041065893,8550.0,25.2,13.2,37.297594490242176,Industry 4.0
355,Split_AC,Supplier_B,0.4,0.85,False,,False,,False,False,102.92955186618701,7250.0,25.2,13.2,35.74878891534439,Industry 4.0
354,VRF_System,Supplier_B,0.9,0.85,False,,False,,False,False,123.6744705454962,7250.0,25.2,13.2,60.97162777003243,Industry 4.0
352,VRF_System,Supplier_C,0.9,0.78,False,,False,,False,False,148.64738532064757,6050.0,25.2,13.2,72.6984620441702,Industry 4.0
357,Cassette_AC,Supplier_C,0.6,0.78,True,assembly,True,assembly,True,False,122.42114796548594,7530.0,24.7,12.399999999999999,50.60516691804675,Industry 4.0
356,Cassette_AC,Supplier_A,0.6,0.92,False,,False,,False,False,136.29967281979316,8550.0,25.2,13.2,52.97869829674006,Industry 4.0
359,Split_AC,Supplier_A,0.4,0.92,False,,False,,False,False,110.63758436083435,8550.0,25.2,13.2,37.170308759494816,Industry 4.0
365,Cassette_AC,Supplier_C,0.6,0.78,True,brazing,True,brazing,True,False,66.44672994988287,7520.0,19.7,9.899999999999999,51.88322551258976,Industry 4.0
358,Cassette_AC,Supplier_C,0.6,0.78,False,,False,,False,False,135.7001686235276,6050.0,25.2,13.2,46.258154106143536,Industry 4.0
360,Split_AC,Supplier_C,0.4,0.78,False,,False,,False,False,122.61140812958911,6050.0,25.2,13.2,41.56249636906679,Industry 4.0
363,Cassette_AC,Supplier_B,0.6,0.85,False,,False,,False,False,104.22365467440704,7250.0,25.2,13.2,49.79819707369326,Industry 4.0
362,Split_AC,Supplier_A,0.4,0.92,False,,False,,False,False,123.448749650845,8550.0,25.2,13.2,35.225318528502726,Industry 4.0
361,Split_AC,Supplier_C,0.4,0.78,False,,False,,False,False,141.73826305671946,6050.0,25.2,13.2,36.82077769966705,Industry 4.0
364,VRF_System,Supplier_A,0.9,0.92,False,,False,,False,False,125.85519604090769,8550.0,25.2,13.2,59.41949084415063,Industry 4.0
366,VRF_System,Supplier_A,0.9,0.92,False,,False,,False,False,118.04310491880778,8550.0,25.2,13.2,63.35309209645668,Industry 4.0
369,Cassette_AC,Supplier_A,0.6,0.92,False,,False,,False,False,108.17507696255507,8550.0,25.2,13.2,52.93577901659104,Industry 4.0
367,Split_AC,Supplier_A,0.4,0.92,False,,False,,False,False,125.60799254524454,8550.0,25.2,13.2,34.860123888719926,Industry 4.0
371,Split_AC,Supplier_C,0.4,0.78,False,,False,,False,False,109.44127653697387,6050.0,25.2,13.2,37.162344914763935,Industry 4.0
368,Cassette_AC,Supplier_B,0.6,0.85,False,,False,,False,False,140.18766262758982,7250.0,25.2,13.2,42.03640209695931,Industry 4.0
370,Cassette_AC,Supplier_C,0.6,0.78,False,,False,,False,False,142.32955999470005,6050.0,25.2,13.2,48.515823299730684,Industry 4.0
372,Split_AC,Supplier_A,0.4,0.92,False,,False,,False,False,126.71490482744957,8550.0,25.2,13.2,39.61103673830759,Industry 4.0
374,Split_AC,Supplier_A,0.4,0.92,True,painting,True,final_auto_check,True,False,120.45259584177029,10550.0,37.2,19.2,33.690560689753354,Industry 4.0
373,Split_AC,Supplier_A,0.4,0.92,False,,False,,False,False,136.7239259279845,8550.0,25.2,13.2,38.85790790987012,Industry 4.0
376,Cassette_AC,Supplier_B,0.6,0.85,False,,False,,False,False,112.13554508104471,7250.0,25.2,13.2,42.840189218831625,Industry 4.0
375,Split_AC,Supplier_C,0.4,0.78,False,,False,,False,False,129.48308774255338,6050.0,25.2,13.2,42.002553768428115,Industry 4.0
378,VRF_System,Supplier_B,0.9,0.85,False,,False,,False,False,115.92550789452207,7250.0,25.2,13.2,66.52297799296507,Industry 4.0
377,Cassette_AC,Supplier_B,0.6,0.85,False,,False,,False,False,133.60090390276537,7250.0,25.2,13.2,49.91609417254031,Industry 4.0
380,Split_AC,Supplier_C,0.4,0.78,False,,False,,False,False,105.07796094318019,6050.0,25.2,13.2,36.32364852300066,Industry 4.0
381,Split_AC,Supplier_A,0.4,0.92,False,,False,,False,False,117.49808024863978,8550.0,25.2,13.2,36.246909660697256,Industry 4.0
379,Cassette_AC,Supplier_C,0.6,0.78,False,,False,,False,False,135.68457556872,6050.0,25.2,13.2,47.769129586343354,Industry 4.0
385,Split_AC,Supplier_C,0.4,0.78,False,,False,,False,False,94.3298931416266,6050.0,25.2,13.2,40.47169334964265,Industry 4.0
382,VRF_System,Supplier_C,0.9,0.78,False,,False,,False,False,129.5026039352406,6050.0,25.2,13.2,69.01955246087687,Industry 4.0
384,VRF_System,Supplier_A,0.9,0.92,True,assembly,True,assembly,True,False,109.9184245126662,10030.0,24.7,12.399999999999999,64.30386916747807,Industry 4.0
383,VRF_System,Supplier_C,0.9,0.78,False,,False,,False,False,140.63355247559775,6050.0,25.2,13.2,67.8221657861828,Industry 4.0
389,Split_AC,Supplier_B,0.4,0.85,False,,False,,False,False,103.3072460295457,7250.0,25.2,13.2,34.00930695694794,Industry 4.0
386,Split_AC,Supplier_B,0.4,0.85,False,,False,,False,False,126.71139677201609,7250.0,25.2,13.2,35.35897231374588,Industry 4.0
387,Cassette_AC,Supplier_B,0.6,0.85,False,,False,,False,False,138.7692659749282,7250.0,25.2,13.2,47.621970280020975,Industry 4.0
388,Split_AC,Supplier_A,0.4,0.92,False,,False,,False,False,130.3407391687483,8550.0,25.2,13.2,33.61655083396932,Industry 4.0
390,VRF_System,Supplier_A,0.9,0.92,False,,False,,False,False,132.40107586907834,8550.0,25.2,13.2,57.57081048294452,Industry 4.0
391,VRF_System,Supplier_C,0.9,0.78,False,,False,,False,False,123.82796483898255,6050.0,25.2,13.2,57.45524152055996,Industry 4.0
392,Split_AC,Supplier_B,0.4,0.85,False,,False,,False,False,123.17027338467233,7250.0,25.2,13.2,38.44146578771438,Industry 4.0
394,VRF_System,Supplier_A,0.9,0.92,False,,False,,False,False,117.36269035186206,8550.0,25.2,13.2,59.075298706005114,Industry 4.0
393,VRF_System,Supplier_A,0.9,0.92,False,,False,,False,False,128.96917207213846,8550.0,25.2,13.2,63.10507214260788,Industry 4.0
400,VRF_System,Supplier_C,0.9,0.78,True,brazing,True,brazing,True,False,54.004519314214576,7520.0,19.7,9.899999999999999,57.32239944342695,Industry 4.0
395,Split_AC,Supplier_A,0.4,0.92,False,,False,,False,False,115.38351417846752,8550.0,25.2,13.2,34.74312314656682,Industry 4.0
396,Cassette_AC,Supplier_B,0.6,0.85,False,,False,,False,False,120.16291060379262,7250.0,25.2,13.2,53.92629467722661,Industry 4.0
397,Split_AC,Supplier_A,0.4,0.92,False,,False,,False,False,109.49184935851463,8550.0,25.2,13.2,33.1735428470716,Industry 4.0
399,Split_AC,Supplier_C,0.4,0.78,False,,False,,False,False,103.8266517063621,6050.0,25.2,13.2,37.52248502752971,Industry 4.0
398,Split_AC,Supplier_A,0.4,0.92,False,,False,,False,False,128.9618574286378,8550.0,25.2,13.2,39.88486924198861,Industry 4.0
401,Split_AC,Supplier_B,0.4,0.85,False,,False,,False,False,114.46443835160835,7250.0,25.2,13.2,39.77189814347936,Industry 4.0
403,VRF_System,Supplier_C,0.9,0.78,True,testing,True,testing,True,False,109.31839831368416,7550.0,33.2,17.2,60.37456295704348,Industry 4.0
402,Cassette_AC,Supplier_C,0.6,0.78,False,,False,,False,False,129.32781864571552,6050.0,25.2,13.2,50.18922491324625,Industry 4.0
404,VRF_System,Supplier_B,0.9,0.85,False,,False,,False,False,116.41958300327587,7250.0,25.2,13.2,73.01098878993162,Industry 4.0
405,Split_AC,Supplier_C,0.4,0.78,False,,False,,False,False,129.07996395822465,6050.0,25.2,13.2,46.33683382189953,Industry 4.0
406,VRF_System,Supplier_C,0.9,0.78,True,painting,True,painting,True,False,120.10887616348509,7540.0,31.2,16.2,62.41362555174842,Industry 4.0
409,Split_AC,Supplier_C,0.4,0.78,False,,False,,False,False,101.72813109834806,6050.0,25.2,13.2,40.66149337217027,Industry 4.0
415,Cassette_AC,Supplier_B,0.6,0.85,True,brazing,True,brazing,True,False,52.008342856653144,8720.0,19.7,9.899999999999999,43.90499881928238,Industry 4.0
407,VRF_System,Supplier_A,0.9,0.92,False,,False,,False,False,135.931864435041,8550.0,25.2,13.2,58.40611870574541,Industry 4.0
408,VRF_System,Supplier_A,0.9,0.92,True,brazing,True,final_auto_check,True,False,133.0956384296951,10550.0,37.2,19.2,63.781770160335284,Industry 4.0
410,VRF_System,Supplier_C,0.9,0.78,False,,False,,False,False,120.61858664008241,6050.0,25.2,13.2,64.10155912428806,Industry 4.0
411,Cassette_AC,Supplier_B,0.6,0.85,False,,False,,False,False,127.79493988718059,7250.0,25.2,13.2,42.53933758063548,Industry 4.0
412,Cassette_AC,Supplier_C,0.6,0.78,False,,False,,False,False,123.11746917710207,6050.0,25.2,13.2,49.35900156597606,Industry 4.0
413,Cassette_AC,Supplier_C,0.6,0.78,False,,False,,False,False,131.020252939873,6050.0,25.2,13.2,54.21205565946357,Industry 4.0
414,Cassette_AC,Supplier_A,0.6,0.92,False,,False,,False,False,124.79784893525994,8550.0,25.2,13.2,47.16439523931233,Industry 4.0
418,Cassette_AC,Supplier_B,0.6,0.85,False,,False,,False,False,97.06807708042379,7250.0,25.2,13.2,50.372081598993546,Industry 4.0
416,Split_AC,Supplier_B,0.4,0.85,False,,False,,False,False,128.63723375835252,7250.0,25.2,13.2,33.769960170657455,Industry 4.0
417,VRF_System,Supplier_A,0.9,0.92,False,,False,,False,False,131.60997447601676,8550.0,25.2,13.2,62.531537058360925,Industry 4.0
419,Cassette_AC,Supplier_B,0.6,0.85,False,,False,,False,False,125.64555900893447,7250.0,25.2,13.2,53.417873532312925,Industry 4.0
420,Split_AC,Supplier_C,0.4,0.78,False,,False,,False,False,112.99978216524778,6050.0,25.2,13.2,39.97126183751159,Industry 4.0
424,Split_AC,Supplier_C,0.4,0.78,False,,False,,False,False,108.97600343137037,6050.0,25.2,13.2,33.49062598241011,Industry 4.0
421,VRF_System,Supplier_C,0.9,0.78,False,,False,,False,False,126.94969438511816,6050.0,25.2,13.2,67.59943847571256,Industry 4.0
422,Split_AC,Supplier_C,0.4,0.78,False,,False,,False,False,135.13712263782327,6050.0,25.2,13.2,37.916201685008744,Industry 4.0
426,Split_AC,Supplier_A,0.4,0.92,False,,False,,False,False,108.04808193422559,8550.0,25.2,13.2,37.94174235332572,Industry 4.0
423,Cassette_AC,Supplier_C,0.6,0.78,False,,False,,False,False,151.15050241700374,6050.0,25.2,13.2,57.980959113051654,Industry 4.0
425,Cassette_AC,Supplier_C,0.6,0.78,False,,False,,False,False,138.8762155218992,6050.0,25.2,13.2,51.57119278169921,Industry 4.0
429,Cassette_AC,Supplier_C,0.6,0.78,False,,False,,False,False,116.59676997473798,6050.0,25.2,13.2,42.188343096703036,Industry 4.0
427,VRF_System,Supplier_C,0.9,0.78,False,,False,,False,False,146.9736589581571,6050.0,25.2,13.2,72.42581563208728,Industry 4.0
428,VRF_System,Supplier_B,0.9,0.85,False,,False,,False,False,144.7540613099527,7250.0,25.2,13.2,64.36653232243948,Industry 4.0
430,Cassette_AC,Supplier_B,0.6,0.85,False,,False,,False,False,131.25052913144464,7250.0,25.2,13.2,47.1873375116908,Industry 4.0
431,VRF_System,Supplier_C,0.9,0.78,False,,False,,False,False,134.5404667681678,6050.0,25.2,13.2,61.78808684886075,Industry 4.0
433,VRF_System,Supplier_C,0.9,0.78,False,,False,,False,False,113.32260408541697,6050.0,25.2,13.2,63.45086078996796,Industry 4.0
434,Cassette_AC,Supplier_C,0.6,0.78,False,,False,,False,False,127.24787845272931,6050.0,25.2,13.2,49.10722573276894,Industry 4.0
432,Cassette_AC,Supplier_B,0.6,0.85,False,,False,,False,False,154.76598419056972,7250.0,25.2,13.2,50.42028966851255,Industry 4.0
435,Split_AC,Supplier_B,0.4,0.85,True,painting,True,final_auto_check,True,False,133.5473605483312,9250.0,37.2,19.2,35.24863722077097,Industry 4.0
436,Split_AC,Supplier_C,0.4,0.78,False,,False,,False,False,129.85850820100768,6050.0,25.2,13.2,41.13283591393268,Industry 4.0
443,VRF_System,Supplier_B,0.9,0.85,True,brazing,True,brazing,True,False,78.55616301365808,8720.0,19.7,9.899999999999999,61.3707632351849,Industry 4.0
439,Cassette_AC,Supplier_B,0.6,0.85,False,,False,,False,False,124.41648757583243,7250.0,25.2,13.2,49.38399415653966,Industry 4.0
438,VRF_System,Supplier_A,0.9,0.92,False,,False,,False,False,139.99057666324097,8550.0,25.2,13.2,61.3079515808775,Industry 4.0
437,VRF_System,Supplier_A,0.9,0.92,False,,False,,False,False,161.90571272967554,8550.0,25.2,13.2,64.55359656922448,Industry 4.0
440,Split_AC,Supplier_A,0.4,0.92,False,,False,,False,False,145.28569673323636,8550.0,25.2,13.2,33.15708122134741,Industry 4.0
441,Split_AC,Supplier_B,0.4,0.85,False,,False,,False,False,154.53788061864088,7250.0,25.2,13.2,34.49091627770175,Industry 4.0
442,VRF_System,Supplier_A,0.9,0.92,False,,False,,False,False,157.35506874569364,8550.0,25.2,13.2,62.1787895706813,Industry 4.0
449,VRF_System,Supplier_C,0.9,0.78,True,assembly,True,assembly,False,True,97.63672614666484,12030.0,16.7,8.399999999999999,70.6222781945062,Industry 4.0
444,VRF_System,Supplier_B,0.9,0.85,False,,False,,False,False,150.81143584895563,7250.0,25.2,13.2,61.47651430096215,Industry 4.0
445,VRF_System,Supplier_C,0.9,0.78,False,,False,,False,False,150.01704875063842,6050.0,25.2,13.2,59.59112229828427,Industry 4.0
453,Cassette_AC,Supplier_C,0.6,0.78,True,brazing,True,brazing,True,False,66.66588070889156,7520.0,19.7,9.899999999999999,52.189118952613455,Industry 4.0
447,Cassette_AC,Supplier_B,0.6,0.85,False,,False,,False,False,148.14707927512063,7250.0,25.2,13.2,49.04907947233157,Industry 4.0
448,Split_AC,Supplier_C,0.4,0.78,False,,False,,False,False,141.67298580300485,6050.0,25.2,13.2,37.20386892139943,Industry 4.0
446,Split_AC,Supplier_B,0.4,0.85,False,,False,,False,False,171.4057402021799,7250.0,25.2,13.2,35.82916880075287,Industry 4.0
456,VRF_System,Supplier_A,0.9,0.92,True,brazing,True,brazing,True,False,56.42422088953572,10020.0,19.7,9.899999999999999,65.77154660253743,Industry 4.0
450,Cassette_AC,Supplier_A,0.6,0.92,False,,False,,False,False,138.7450904143543,8550.0,25.2,13.2,47.04512203396935,Industry 4.0
452,Cassette_AC,Supplier_C,0.6,0.78,False,,False,,False,False,124.33256962162432,6050.0,25.2,13.2,48.731767219900064,Industry 4.0
451,VRF_System,Supplier_A,0.9,0.92,False,,False,,False,False,141.71872097153118,8550.0,25.2,13.2,68.61855569683306,Industry 4.0
454,VRF_System,Supplier_C,0.9,0.78,False,,False,,False,False,115.32337383397316,6050.0,25.2,13.2,60.38903398967845,Industry 4.0
458,VRF_System,Supplier_C,0.9,0.78,True,assembly,True,assembly,True,False,91.12959759414389,7530.0,24.7,12.399999999999999,69.23679838057512,Industry 4.0
457,Split_AC,Supplier_C,0.4,0.78,False,,False,,False,False,103.96413384652351,6050.0,25.2,13.2,42.09344913146445,Industry 4.0
455,Cassette_AC,Supplier_B,0.6,0.85,False,,False,,False,False,140.63530377567622,7250.0,25.2,13.2,46.44704126092995,Industry 4.0
459,Split_AC,Supplier_B,0.4,0.85,False,,False,,False,False,111.96213627598172,7250.0,25.2,13.2,42.754932040165336,Industry 4.0
461,VRF_System,Supplier_C,0.9,0.78,True,painting,True,final_auto_check,True,False,107.31064623839757,8050.0,37.2,19.2,67.9194158306596,Industry 4.0
460,Split_AC,Supplier_A,0.4,0.92,False,,False,,False,False,122.59457498118627,8550.0,25.2,13.2,35.693565169311995,Industry 4.0
465,VRF_System,Supplier_C,0.9,0.78,True,assembly,True,assembly,True,False,87.21554674817344,7530.0,24.7,12.399999999999999,55.46516223152751,Industry 4.0
463,Split_AC,Supplier_C,0.4,0.78,False,,False,,False,False,105.73545299658417,6050.0,25.2,13.2,41.995651364235016,Industry 4.0
462,Cassette_AC,Supplier_A,0.6,0.92,False,,False,,False,False,127.28703904655777,8550.0,25.2,13.2,47.60910766467295,Industry 4.0
464,VRF_System,Supplier_C,0.9,0.78,True,testing,True,final_auto_check,True,False,114.90268341711453,8050.0,37.2,19.2,69.35567388362503,Industry 4.0
467,VRF_System,Supplier_A,0.9,0.92,True,brazing,False,,False,False,97.87847516176953,8550.0,25.2,13.2,63.073509775240524,Industry 4.0
468,VRF_System,Supplier_B,0.9,0.85,True,assembly,True,assembly,True,False,100.56634470167955,8730.0,24.7,12.399999999999999,58.198992565392466,Industry 4.0
466,Split_AC,Supplier_C,0.4,0.78,False,,False,,False,False,130.006256181583,6050.0,25.2,13.2,36.76640286919927,Industry 4.0
471,Cassette_AC,Supplier_A,0.6,0.92,False,,False,,False,False,99.32020018941512,8550.0,25.2,13.2,52.345837064200936,Industry 4.0
469,VRF_System,Supplier_B,0.9,0.85,False,,False,,False,False,125.18258134854204,7250.0,25.2,13.2,65.53780397687973,Industry 4.0
472,Split_AC,Supplier_B,0.4,0.85,False,,False,,False,False,112.64970938078204,7250.0,25.2,13.2,42.53093147947319,Industry 4.0
474,Split_AC,Supplier_C,0.4,0.78,False,,False,,False,False,97.08319820948691,6050.0,25.2,13.2,37.59565478594428,Industry 4.0
470,VRF_System,Supplier_B,0.9,0.85,False,,False,,False,False,152.6938548033604,7250.0,25.2,13.2,62.83644154375494,Industry 4.0
473,VRF_System,Supplier_B,0.9,0.85,False,,False,,False,False,139.51660590385745,7250.0,25.2,13.2,57.073901105412574,Industry 4.0
475,Split_AC,Supplier_C,0.4,0.78,False,,False,,False,False,112.33857129406715,6050.0,25.2,13.2,35.78564008329555,Industry 4.0
477,Split_AC,Supplier_C,0.4,0.78,False,,False,,False,False,111.64105057880533,6050.0,25.2,13.2,37.11850835578765,Industry 4.0
476,VRF_System,Supplier_B,0.9,0.85,False,,False,,False,False,130.3233788800053,7250.0,25.2,13.2,66.18528149593573,Industry 4.0
478,Split_AC,Supplier_A,0.4,0.92,False,,False,,False,False,129.04024582125749,8550.0,25.2,13.2,42.387039027351975,Industry 4.0
479,Split_AC,Supplier_B,0.4,0.85,False,,False,,False,False,119.09321049438768,7250.0,25.2,13.2,40.05283035591039,Industry 4.0
480,VRF_System,Supplier_C,0.9,0.78,False,,False,,False,False,118.94152414739074,6050.0,25.2,13.2,66.22948092144662,Industry 4.0
481,Split_AC,Supplier_A,0.4,0.92,False,,False,,False,False,121.08104252479461,8550.0,25.2,13.2,37.44208250681237,Industry 4.0
483,VRF_System,Supplier_A,0.9,0.92,False,,False,,False,False,106.84098714015181,8550.0,25.2,13.2,58.558437767718644,Industry 4.0
482,Cassette_AC,Supplier_A,0.6,0.92,False,,False,,False,False,126.68208680076805,8550.0,25.2,13.2,39.47448157559134,Industry 4.0
490,Cassette_AC,Supplier_B,0.6,0.85,True,brazing,True,brazing,True,False,60.6314009198868,8720.0,19.7,9.899999999999999,46.984919637430664,Industry 4.0
484,VRF_System,Supplier_A,0.9,0.92,False,,False,,False,False,125.33229225307059,8550.0,25.2,13.2,64.23443889478366,Industry 4.0
486,VRF_System,Supplier_C,0.9,0.78,False,,False,,False,False,119.97008970973548,6050.0,25.2,13.2,65.71669313142681,Industry 4.0
485,VRF_System,Supplier_C,0.9,0.78,True,testing,True,testing,True,False,127.76779726724453,7550.0,33.2,17.2,62.803474744641214,Industry 4.0
489,Split_AC,Supplier_C,0.4,0.78,False,,False,,False,False,111.72088164112665,6050.0,25.2,13.2,46.083784915508076,Industry 4.0
488,VRF_System,Supplier_B,0.9,0.85,False,,False,,False,False,129.74342440400324,7250.0,25.2,13.2,57.89679728638606,Industry 4.0
487,VRF_System,Supplier_A,0.9,0.92,False,,False,,False,False,155.75845968087924,8550.0,25.2,13.2,68.75276374833412,Industry 4.0
491,Cassette_AC,Supplier_B,0.6,0.85,False,,False,,False,False,118.05765925925152,7250.0,25.2,13.2,45.60019683334994,Industry 4.0
492,Cassette_AC,Supplier_C,0.6,0.78,False,,False,,False,False,111.86461403363501,6050.0,25.2,13.2,53.99459744879982,Industry 4.0
499,VRF_System,Supplier_C,0.9,0.78,True,brazing,True,brazing,True,False,69.31989025968414,7520.0,19.7,9.899999999999999,64.50373749718716,Industry 4.0
494,Cassette_AC,Supplier_C,0.6,0.78,False,,False,,False,False,133.89184807407037,6050.0,25.2,13.2,49.976020173184,Industry 4.0
495,VRF_System,Supplier_A,0.9,0.92,False,,False,,False,False,130.96181391886148,8550.0,25.2,13.2,66.86289190741442,Industry 4.0
493,Cassette_AC,Supplier_A,0.6,0.92,False,,False,,False,False,152.36556478624243,8550.0,25.2,13.2,46.284594527517406,Industry 4.0
497,Split_AC,Supplier_B,0.4,0.85,False,,False,,False,False,139.81327436361516,7250.0,25.2,13.2,31.71518708917013,Industry 4.0
496,VRF_System,Supplier_C,0.9,0.78,False,,False,,False,False,150.94341556450945,6050.0,25.2,13.2,60.18687721024612,Industry 4.0
498,VRF_System,Supplier_C,0.9,0.78,True,painting,True,painting,True,False,143.46257931733817,7540.0,31.2,16.2,68.6999601376146,Industry 4.0
0,Cassette_AC,Supplier_C,0.6,0.78,False,,False,,False,False,119.08593686190586,6650.0,25.2,13.2,57.871616472612416,Industry 5.0
3,Cassette_AC,Supplier_C,0.6,0.78,False,,False,,False,False,117.33477519456073,6650.0,25.2,13.2,56.534576012175386,Industry 5.0
2,VRF_System,Supplier_C,0.9,0.78,False,,False,,False,False,131.58265073775397,6650.0,25.2,13.2,78.38014181569105,Industry 5.0
1,VRF_System,Supplier_B,0.9,0.85,False,,False,,False,False,151.67254452995485,8050.0,25.2,13.2,82.81739730155333,Industry 5.0
6,Split_AC,Supplier_C,0.4,0.78,False,,False,,False,False,134.96107359586122,6450.0,25.2,13.2,49.495761476558485,Industry 5.0
4,Cassette_AC,Supplier_C,0.6,0.78,False,,False,,False,False,160.044326280021,7050.0,25.2,13.2,53.936371523592285,Industry 5.0
5,Cassette_AC,Supplier_C,0.6,0.78,False,,False,,False,False,153.14003402051796,6850.0,25.2,13.2,60.01871344298853,Industry 5.0
7,Cassette_AC,Supplier_B,0.6,0.85,False,,False,,False,False,150.59932275344198,7850.0,25.2,13.2,64.17258049139471,Industry 5.0
9,VRF_System,Supplier_C,0.9,0.78,False,,False,,False,False,145.99738088378757,6850.0,25.2,13.2,83.15751974744168,Industry 5.0
10,Split_AC,Supplier_B,0.4,0.85,False,,False,,False,False,137.2680744680208,7850.0,25.2,13.2,39.37827292327588,Industry 5.0
8,VRF_System,Supplier_C,0.9,0.78,True,brazing,True,final_collaborative_check,True,False,174.3835765440649,8400.0,35.2,18.2,83.40053147526365,Industry 5.0
11,Split_AC,Supplier_C,0.4,0.78,True,testing,True,testing,True,False,155.36458575010118,7700.0,30.2,15.7,47.92546069545034,Industry 5.0
12,Split_AC,Supplier_C,0.4,0.78,False,,False,,False,False,150.71330429509788,6450.0,25.2,13.2,44.20430264833452,Industry 5.0
14,Cassette_AC,Supplier_B,0.6,0.85,False,,False,,False,False,138.98756513417882,7850.0,25.2,13.2,45.349715449413296,Industry 5.0
17,Split_AC,Supplier_C,0.4,0.78,False,,False,,False,False,132.29111108126193,6650.0,25.2,13.2,37.82790497846518,Industry 5.0
15,VRF_System,Supplier_A,0.9,0.92,False,,False,,False,False,154.52873721148677,9350.0,25.2,13.2,71.79868781391905,Industry 5.0
20,VRF_System,Supplier_B,0.9,0.85,True,assembly,True,assembly,True,False,123.21636555539621,9080.0,21.7,10.899999999999999,75.9319253530448,Industry 5.0
13,Split_AC,Supplier_B,0.4,0.85,False,,False,,False,False,179.72391992608573,7850.0,25.2,13.2,36.69063296880321,Industry 5.0
18,Cassette_AC,Supplier_C,0.6,0.78,False,,False,,False,False,146.14136379349262,6450.0,25.2,13.2,53.258453586341076,Industry 5.0
21,Split_AC,Supplier_A,0.4,0.92,False,,False,,False,False,127.57547125150873,8750.0,25.2,13.2,44.62892154289189,Industry 5.0
16,Split_AC,Supplier_C,0.4,0.78,False,,False,,False,False,178.0746419234678,6450.0,25.2,13.2,42.3653144937794,Industry 5.0
27,Cassette_AC,Supplier_B,0.6,0.85,True,brazing,True,brazing,True,False,83.50074256159675,8670.0,17.7,8.899999999999999,59.10328356452178,Industry 5.0
22,Cassette_AC,Supplier_C,0.6,0.78,False,,False,,False,False,144.22151016180166,6450.0,25.2,13.2,53.13716180744438,Industry 5.0
19,Cassette_AC,Supplier_B,0.6,0.85,False,,False,,False,False,173.60610836824978,7650.0,25.2,13.2,59.02781754499868,Industry 5.0
24,Cassette_AC,Supplier_B,0.6,0.85,False,,False,,False,False,139.6131188329063,7450.0,25.2,13.2,55.439451011718525,Industry 5.0
32,Cassette_AC,Supplier_C,0.6,0.78,True,brazing,True,brazing,True,False,73.95392710499152,7470.0,17.7,8.899999999999999,51.94832639231433,Industry 5.0
23,Split_AC,Supplier_B,0.4,0.85,False,,False,,False,False,162.08432467024235,7650.0,25.2,13.2,46.17856337473134,Industry 5.0
25,VRF_System,Supplier_C,0.9,0.78,False,,False,,False,False,159.0451977221296,6850.0,25.2,13.2,80.62009265418078,Industry 5.0
28,VRF_System,Supplier_B,0.9,0.85,False,,False,,False,False,134.56063575895138,8050.0,25.2,13.2,78.02305217077704,Industry 5.0
34,VRF_System,Supplier_A,0.9,0.92,True,brazing,True,brazing,True,False,87.09458627600941,10170.0,17.7,8.899999999999999,80.85290903030693,Industry 5.0
26,Cassette_AC,Supplier_B,0.6,0.85,False,,False,,False,False,164.9515734045561,7650.0,25.2,13.2,61.153693664467426,Industry 5.0
29,VRF_System,Supplier_C,0.9,0.78,False,,False,,False,False,136.0465782916615,6650.0,25.2,13.2,98.71084967343972,Industry 5.0
30,VRF_System,Supplier_A,0.9,0.92,False,,False,,False,False,141.56506880271786,9150.0,25.2,13.2,77.09164827047537,Industry 5.0
33,Split_AC,Supplier_B,0.4,0.85,False,,False,,False,False,124.49674337098065,7850.0,25.2,13.2,39.12363136498491,Industry 5.0
38,VRF_System,Supplier_C,0.9,0.78,True,brazing,True,brazing,True,False,83.61196716943755,7670.0,17.7,8.899999999999999,76.48969090786481,Industry 5.0
35,Cassette_AC,Supplier_A,0.6,0.92,False,,False,,False,False,120.3024372303206,9350.0,25.2,13.2,59.835036287676395,Industry 5.0
31,VRF_System,Supplier_B,0.9,0.85,False,,False,,False,False,165.0661942811471,8050.0,25.2,13.2,75.19545848831903,Industry 5.0
36,Split_AC,Supplier_C,0.4,0.78,False,,False,,False,False,128.59629354634023,6650.0,25.2,13.2,42.09769909618618,Industry 5.0
37,VRF_System,Supplier_C,0.9,0.78,False,,False,,False,False,137.3420963639834,6850.0,25.2,13.2,78.77171035789412,Industry 5.0
39,Split_AC,Supplier_A,0.4,0.92,False,,False,,False,False,131.15346176705572,9350.0,25.2,13.2,41.98999356161243,Industry 5.0
40,VRF_System,Supplier_A,0.9,0.92,True,painting,True,painting,True,False,140.00049478519168,10590.0,29.2,15.2,78.50231554696336,Industry 5.0
41,Split_AC,Supplier_A,0.4,0.92,False,,False,,False,False,136.40622900616165,9150.0,25.2,13.2,37.62977255897865,Industry 5.0
46,VRF_System,Supplier_A,0.9,0.92,True,brazing,True,brazing,True,False,94.56866903766644,9970.0,17.7,8.899999999999999,72.47917024647327,Industry 5.0
43,Split_AC,Supplier_B,0.4,0.85,False,,False,,False,False,143.78438173016912,7850.0,25.2,13.2,51.409486137426285,Industry 5.0
42,Cassette_AC,Supplier_C,0.6,0.78,False,,False,,False,False,156.41931078383573,6650.0,25.2,13.2,60.659903824573156,Industry 5.0
44,Cassette_AC,Supplier_A,0.6,0.92,True,assembly,True,assembly,True,False,131.678512462836,10380.0,21.7,10.899999999999999,52.54408061741902,Industry 5.0
45,Split_AC,Supplier_B,0.4,0.85,False,,False,,False,False,137.4429628128412,7450.0,25.2,13.2,45.15191481073912,Industry 5.0
47,Cassette_AC,Supplier_A,0.6,0.92,False,,False,,False,False,128.51716827279301,8950.0,25.2,13.2,61.37990094937404,Industry 5.0
48,Split_AC,Supplier_B,0.4,0.85,False,,False,,False,False,128.69397414307497,7650.0,25.2,13.2,45.221697362487284,Industry 5.0
49,Split_AC,Supplier_C,0.4,0.78,False,,False,,False,False,129.63502601792123,6450.0,25.2,13.2,42.44755762436039,Industry 5.0
50,Split_AC,Supplier_A,0.4,0.92,False,,False,,False,False,134.5840091638355,8950.0,25.2,13.2,42.121572999214685,Industry 5.0
53,Cassette_AC,Supplier_A,0.6,0.92,False,,False,,False,False,113.92831873041962,8750.0,25.2,13.2,54.72820506736234,Industry 5.0
52,VRF_System,Supplier_C,0.9,0.78,True,painting,True,painting,True,False,137.67659411664795,7890.0,29.2,15.2,80.78378779976208,Industry 5.0
51,VRF_System,Supplier_C,0.9,0.78,True,brazing,True,final_collaborative_check,True,False,155.9398053879961,8400.0,35.2,18.2,80.44202130743696,Industry 5.0
56,Cassette_AC,Supplier_C,0.6,0.78,False,,False,,False,False,132.88434090156045,6450.0,25.2,13.2,54.702554293960674,Industry 5.0
55,Cassette_AC,Supplier_B,0.6,0.85,False,,False,,False,False,145.63518526905125,7650.0,25.2,13.2,63.14782127227337,Industry 5.0
58,Cassette_AC,Supplier_B,0.6,0.85,False,,False,,False,False,132.82864802577296,8050.0,25.2,13.2,58.32777049607407,Industry 5.0
61,Split_AC,Supplier_C,0.4,0.78,False,,False,,False,False,113.90094137129483,6250.0,25.2,13.2,48.90451090767309,Industry 5.0
54,VRF_System,Supplier_A,0.9,0.92,False,,False,,False,False,184.72774391111943,9550.0,25.2,13.2,85.7571166366621,Industry 5.0
57,Cassette_AC,Supplier_A,0.6,0.92,False,,False,,False,False,163.35277501806502,8950.0,25.2,13.2,61.97764188560994,Industry 5.0
60,Cassette_AC,Supplier_B,0.6,0.85,False,,False,,False,False,151.2862975790258,7850.0,25.2,13.2,49.34819836890916,Industry 5.0
59,VRF_System,Supplier_B,0.9,0.85,False,,False,,False,False,165.16142397987937,7850.0,25.2,13.2,80.67002157058442,Industry 5.0
62,VRF_System,Supplier_C,0.9,0.78,False,,False,,False,False,151.1527748096895,6650.0,25.2,13.2,78.41002787393734,Industry 5.0
64,Split_AC,Supplier_A,0.4,0.92,False,,False,,False,False,140.01685120151365,8950.0,25.2,13.2,45.62457161849501,Industry 5.0
67,VRF_System,Supplier_C,0.9,0.78,True,assembly,True,assembly,True,False,111.4832920059988,7880.0,21.7,10.899999999999999,92.36362227536333,Industry 5.0
63,VRF_System,Supplier_C,0.9,0.78,False,,False,,False,False,166.93677529966556,7050.0,25.2,13.2,80.55893589167391,Industry 5.0
66,Cassette_AC,Supplier_C,0.6,0.78,False,,False,,False,False,136.42853522856376,6650.0,25.2,13.2,62.2696219268608,Industry 5.0
65,VRF_System,Supplier_B,0.9,0.85,False,,False,,False,False,165.72198589392656,8050.0,25.2,13.2,76.53985406122118,Industry 5.0
68,Cassette_AC,Supplier_A,0.6,0.92,True,painting,False,,False,False,131.14672098191818,9150.0,25.2,13.2,47.47872062294605,Industry 5.0
69,VRF_System,Supplier_C,0.9,0.78,False,,False,,False,False,133.07520553359063,6850.0,25.2,13.2,86.8621020832702,Industry 5.0
70,VRF_System,Supplier_B,0.9,0.85,False,,False,,False,False,120.99266902823149,8050.0,25.2,13.2,85.34753310337875,Industry 5.0
71,Split_AC,Supplier_B,0.4,0.85,False,,False,,False,False,130.9271269644812,7850.0,25.2,13.2,33.61091987901401,Industry 5.0
73,Cassette_AC,Supplier_C,0.6,0.78,False,,False,,False,False,127.67946197089668,6650.0,25.2,13.2,52.52088647524508,Industry 5.0
74,VRF_System,Supplier_B,0.9,0.85,False,,False,,False,False,127.67210390317905,8050.0,25.2,13.2,72.2362931168186,Industry 5.0
76,Cassette_AC,Supplier_B,0.6,0.85,False,,False,,False,False,125.30523265566819,7850.0,25.2,13.2,55.635673270882705,Industry 5.0
72,VRF_System,Supplier_B,0.9,0.85,False,,False,,False,False,173.42994061125137,8250.0,25.2,13.2,80.0286406163587,Industry 5.0
75,Split_AC,Supplier_B,0.4,0.85,False,,False,,False,False,154.30182029537787,8050.0,25.2,13.2,42.98537758405984,Industry 5.0
77,Split_AC,Supplier_C,0.4,0.78,False,,False,,False,False,137.46077270763487,6450.0,25.2,13.2,49.64777197263252,Industry 5.0
78,Cassette_AC,Supplier_B,0.6,0.85,False,,False,,False,False,146.4535111466355,7850.0,25.2,13.2,55.82286882035701,Industry 5.0
79,Split_AC,Supplier_A,0.4,0.92,False,,False,,False,False,138.26916883641468,9150.0,25.2,13.2,36.986135873802695,Industry 5.0
80,VRF_System,Supplier_A,0.9,0.92,True,painting,True,final_collaborative_check,True,False,136.47643338453042,10900.0,35.2,18.2,76.60463379002829,Industry 5.0
84,Split_AC,Supplier_A,0.4,0.92,False,,False,,False,False,125.3701202907996,8950.0,25.2,13.2,47.31170863297384,Industry 5.0
86,Split_AC,Supplier_A,0.4,0.92,False,,False,,False,False,115.94222154775423,8950.0,25.2,13.2,42.50706981622964,Industry 5.0
81,Cassette_AC,Supplier_C,0.6,0.78,False,,False,,False,False,168.55754753081555,6850.0,25.2,13.2,59.32654136494447,Industry 5.0
83,Cassette_AC,Supplier_B,0.6,0.85,True,painting,True,painting,True,False,158.09304099330757,9090.0,29.2,15.2,54.723422575236384,Industry 5.0
85,Cassette_AC,Supplier_C,0.6,0.78,False,,False,,False,False,146.16319333640593,6650.0,25.2,13.2,54.04991717070196,Industry 5.0
88,Cassette_AC,Supplier_B,0.6,0.85,False,,False,,False,False,140.82806779213809,7650.0,25.2,13.2,66.37069621459246,Industry 5.0
82,Cassette_AC,Supplier_C,0.6,0.78,False,,False,,False,False,204.69505200632386,6850.0,25.2,13.2,67.96094393425531,Industry 5.0
89,VRF_System,Supplier_B,0.9,0.85,False,,False,,False,False,156.1403932066911,8050.0,25.2,13.2,83.28310345427622,Industry 5.0
87,Split_AC,Supplier_A,0.4,0.92,False,,False,,False,False,177.9875789833253,9150.0,25.2,13.2,40.00727304026936,Industry 5.0
90,Split_AC,Supplier_C,0.4,0.78,False,,False,,False,False,164.95586739483576,6250.0,25.2,13.2,43.163828006367005,Industry 5.0
91,VRF_System,Supplier_C,0.9,0.78,False,,False,,False,False,165.67346428692156,6850.0,25.2,13.2,77.61930053207627,Industry 5.0
92,Split_AC,Supplier_A,0.4,0.92,False,,False,,False,False,158.18030400763564,9150.0,25.2,13.2,44.0587883254025,Industry 5.0
94,Cassette_AC,Supplier_B,0.6,0.85,False,,False,,False,False,165.0332504040881,8050.0,25.2,13.2,53.97199128427549,Industry 5.0
93,VRF_System,Supplier_A,0.9,0.92,False,,False,,False,False,175.62621312822057,9150.0,25.2,13.2,84.50684281950323,Industry 5.0
96,Cassette_AC,Supplier_C,0.6,0.78,False,,False,,False,False,151.78026579169557,6650.0,25.2,13.2,55.03735122280855,Industry 5.0
95,Cassette_AC,Supplier_A,0.6,0.92,False,,False,,False,False,169.4074254654547,8750.0,25.2,13.2,51.56383292686179,Industry 5.0
103,Cassette_AC,Supplier_C,0.6,0.78,True,assembly,True,assembly,True,False,95.8836119232169,7680.0,21.7,10.899999999999999,62.72460259970186,Industry 5.0
97,Cassette_AC,Supplier_B,0.6,0.85,False,,False,,False,False,167.1652366417826,7650.0,25.2,13.2,53.99188984355224,Industry 5.0
98,VRF_System,Supplier_B,0.9,0.85,False,,False,,False,False,156.30377026912947,7850.0,25.2,13.2,78.72987305851612,Industry 5.0
101,Split_AC,Supplier_A,0.4,0.92,False,,False,,False,False,139.3776915406437,8950.0,25.2,13.2,39.13801732733984,Industry 5.0
107,VRF_System,Supplier_C,0.9,0.78,True,brazing,True,brazing,True,False,86.48474970449229,7470.0,17.7,8.899999999999999,91.14018241008831,Industry 5.0
99,VRF_System,Supplier_B,0.9,0.85,False,,False,,False,False,165.1468151715892,8050.0,25.2,13.2,85.40663868615762,Industry 5.0
100,Cassette_AC,Supplier_B,0.6,0.85,False,,False,,False,False,171.18516358488887,7650.0,25.2,13.2,49.38455603855671,Industry 5.0
102,Split_AC,Supplier_B,0.4,0.85,False,,False,,False,False,149.14677424327874,7650.0,25.2,13.2,41.29562136779309,Industry 5.0
104,Cassette_AC,Supplier_A,0.6,0.92,True,assembly,True,assembly,True,False,135.9047481826875,10380.0,21.7,10.899999999999999,52.77862729376767,Industry 5.0
105,VRF_System,Supplier_B,0.9,0.85,False,,False,,False,False,136.9785515012536,7850.0,25.2,13.2,88.01555544346411,Industry 5.0
106,VRF_System,Supplier_C,0.9,0.78,True,testing,True,testing,True,False,166.00835622850377,8100.0,30.2,15.7,81.28747423370474,Industry 5.0
110,VRF_System,Supplier_B,0.9,0.85,False,,False,,False,False,128.97452285747613,8050.0,25.2,13.2,83.200912104812,Industry 5.0
109,Split_AC,Supplier_A,0.4,0.92,False,,False,,False,False,140.93783901530423,9350.0,25.2,13.2,37.62788215852746,Industry 5.0
116,Split_AC,Supplier_B,0.4,0.85,True,brazing,True,brazing,True,False,78.6499265208522,8670.0,17.7,8.899999999999999,42.282266259360185,Industry 5.0
111,VRF_System,Supplier_A,0.9,0.92,False,,False,,False,False,139.3601573889673,8950.0,25.2,13.2,72.00575246945138,Industry 5.0
108,Cassette_AC,Supplier_C,0.6,0.78,False,,False,,False,False,168.8178130534004,6850.0,25.2,13.2,61.68635559956387,Industry 5.0
112,Cassette_AC,Supplier_C,0.6,0.78,False,,False,,False,False,152.80107261508056,6650.0,25.2,13.2,60.675102051657454,Industry 5.0
113,Split_AC,Supplier_A,0.4,0.92,False,,False,,False,False,145.6625551165721,9150.0,25.2,13.2,33.9747418157153,Industry 5.0
114,Cassette_AC,Supplier_B,0.6,0.85,True,brazing,True,final_collaborative_check,True,False,141.12710489550136,9200.0,35.2,18.2,54.056509796257444,Industry 5.0
115,VRF_System,Supplier_C,0.9,0.78,False,,False,,False,False,131.4297671782433,6650.0,25.2,13.2,78.07281411408326,Industry 5.0
117,VRF_System,Supplier_A,0.9,0.92,False,,False,,False,False,127.66939300795548,9150.0,25.2,13.2,73.7730007923785,Industry 5.0
118,Cassette_AC,Supplier_A,0.6,0.92,False,,False,,False,False,125.41761285941607,9350.0,25.2,13.2,63.02815843286685,Industry 5.0
121,Split_AC,Supplier_C,0.4,0.78,False,,False,,False,False,110.16297455949234,6250.0,25.2,13.2,40.49781599681693,Industry 5.0
119,Split_AC,Supplier_B,0.4,0.85,False,,False,,False,False,133.9928397256483,7650.0,25.2,13.2,39.822396037563735,Industry 5.0
126,VRF_System,Supplier_C,0.9,0.78,True,brazing,True,brazing,True,False,62.62622029613772,7470.0,17.7,8.899999999999999,84.5953254778035,Industry 5.0
120,Cassette_AC,Supplier_B,0.6,0.85,True,cutting,True,final_collaborative_check,True,False,142.39213874869324,9600.0,35.2,18.2,59.392287993801496,Industry 5.0
122,Split_AC,Supplier_B,0.4,0.85,False,,False,,False,False,123.63292496801478,7450.0,25.2,13.2,43.983211876238016,Industry 5.0
124,Split_AC,Supplier_C,0.4,0.78,False,,False,,False,False,123.6411453833332,6250.0,25.2,13.2,41.916385441698445,Industry 5.0
129,VRF_System,Supplier_B,0.9,0.85,True,brazing,True,brazing,True,False,82.93196627423845,8870.0,17.7,8.899999999999999,88.92503937274948,Industry 5.0
123,Cassette_AC,Supplier_A,0.6,0.92,False,,False,,False,False,144.17729878147725,9150.0,25.2,13.2,55.18717119213512,Industry 5.0
127,Split_AC,Supplier_C,0.4,0.78,False,,False,,False,False,114.17790720518792,6450.0,25.2,13.2,46.096259841208344,Industry 5.0
125,Split_AC,Supplier_A,0.4,0.92,False,,False,,False,False,145.9003156480669,8750.0,25.2,13.2,34.884955462084235,Industry 5.0
132,VRF_System,Supplier_B,0.9,0.85,True,brazing,True,brazing,True,False,88.2711126421068,8670.0,17.7,8.899999999999999,83.27882843610742,Industry 5.0
128,Split_AC,Supplier_C,0.4,0.78,False,,False,,False,False,127.92075064702158,6250.0,25.2,13.2,33.92948623164799,Industry 5.0
130,VRF_System,Supplier_A,0.9,0.92,False,,False,,False,False,135.30925114165166,9150.0,25.2,13.2,82.82489925905472,Industry 5.0
133,Split_AC,Supplier_A,0.4,0.92,False,,False,,False,False,115.03471218070194,8950.0,25.2,13.2,38.884055130339306,Industry 5.0
131,Cassette_AC,Supplier_A,0.6,0.92,False,,False,,False,False,142.8817603335715,9150.0,25.2,13.2,56.80761763577141,Industry 5.0
134,Cassette_AC,Supplier_A,0.6,0.92,True,testing,True,final_collaborative_check,True,False,119.93986546286715,10500.0,35.2,18.2,56.00527984137054,Industry 5.0
135,Split_AC,Supplier_A,0.4,0.92,False,,False,,False,False,124.98852039357826,8750.0,25.2,13.2,38.35240629893052,Industry 5.0
136,Cassette_AC,Supplier_C,0.6,0.78,False,,False,,False,False,146.23334538156382,6850.0,25.2,13.2,60.479192254767874,Industry 5.0
140,Cassette_AC,Supplier_B,0.6,0.85,False,,False,,False,False,114.66341472516524,7850.0,25.2,13.2,56.90554183693766,Industry 5.0
137,Split_AC,Supplier_C,0.4,0.78,False,,False,,False,False,145.3577131784357,6650.0,25.2,13.2,46.64832677721749,Industry 5.0
139,Split_AC,Supplier_B,0.4,0.85,False,,False,,False,False,141.74988657215908,7850.0,25.2,13.2,43.55751016757463,Industry 5.0
138,Cassette_AC,Supplier_C,0.6,0.78,False,,False,,False,False,151.63919476146293,6650.0,25.2,13.2,53.05261491752972,Industry 5.0
147,VRF_System,Supplier_C,0.9,0.78,True,brazing,True,brazing,True,False,67.92011642240368,7670.0,17.7,8.899999999999999,87.47226727813919,Industry 5.0
142,Cassette_AC,Supplier_A,0.6,0.92,False,,False,,False,False,121.32136711729845,8950.0,25.2,13.2,54.00053104691182,Industry 5.0
141,VRF_System,Supplier_C,0.9,0.78,False,,False,,False,False,141.89833807964487,6650.0,25.2,13.2,84.84628995006433,Industry 5.0
143,Cassette_AC,Supplier_C,0.6,0.78,False,,False,,False,False,132.55192845830084,6250.0,25.2,13.2,57.86800605269189,Industry 5.0
145,Split_AC,Supplier_C,0.4,0.78,False,,False,,False,False,112.49787430132687,6450.0,25.2,13.2,42.74312090813589,Industry 5.0
144,Cassette_AC,Supplier_B,0.6,0.85,False,,False,,False,False,139.61380689837983,7650.0,25.2,13.2,47.192439235938956,Industry 5.0
152,VRF_System,Supplier_B,0.9,0.85,True,brazing,True,brazing,True,False,64.95528834893616,8670.0,17.7,8.899999999999999,76.9703384705127,Industry 5.0
146,Cassette_AC,Supplier_C,0.6,0.78,False,,False,,False,False,145.72093326039067,6650.0,25.2,13.2,59.3158374798615,Industry 5.0
148,Cassette_AC,Supplier_C,0.6,0.78,False,,False,,False,False,135.44003304567082,6650.0,25.2,13.2,58.317232151688685,Industry 5.0
149,VRF_System,Supplier_B,0.9,0.85,True,assembly,False,,False,False,126.48058703956076,7850.0,25.2,13.2,81.65430540096828,Industry 5.0
151,VRF_System,Supplier_C,0.9,0.78,True,assembly,True,assembly,True,False,102.02499857844214,7880.0,21.7,10.899999999999999,92.19338744887655,Industry 5.0
150,VRF_System,Supplier_B,0.9,0.85,False,,False,,False,False,137.40306929965254,7650.0,25.2,13.2,74.5249974841602,Industry 5.0
153,Cassette_AC,Supplier_A,0.6,0.92,False,,False,,False,False,131.81843265519592,9150.0,25.2,13.2,47.69267889237787,Industry 5.0
154,Split_AC,Supplier_C,0.4,0.78,False,,False,,False,False,145.1636867891068,6850.0,25.2,13.2,43.32098268114817,Industry 5.0
155,Split_AC,Supplier_B,0.4,0.85,False,,False,,False,False,140.2051734163249,7650.0,25.2,13.2,35.427873968143814,Industry 5.0
156,VRF_System,Supplier_A,0.9,0.92,False,,False,,False,False,143.81007563453886,9350.0,25.2,13.2,73.94403026461599,Industry 5.0
157,VRF_System,Supplier_A,0.9,0.92,False,,False,,False,False,139.98310003041593,9150.0,25.2,13.2,81.5426681367546,Industry 5.0
159,Cassette_AC,Supplier_C,0.6,0.78,False,,False,,False,False,129.7502078916384,6450.0,25.2,13.2,56.58384851261214,Industry 5.0
158,Split_AC,Supplier_A,0.4,0.92,False,,False,,False,False,149.45529468175346,9150.0,25.2,13.2,40.71857948648229,Industry 5.0
165,VRF_System,Supplier_A,0.9,0.92,True,brazing,True,brazing,True,False,85.82049287958262,9970.0,17.7,8.899999999999999,79.14402148109181,Industry 5.0
160,Cassette_AC,Supplier_C,0.6,0.78,False,,False,,False,False,138.1320195350297,6650.0,25.2,13.2,62.89050412995406,Industry 5.0
162,Cassette_AC,Supplier_B,0.6,0.85,False,,False,,False,False,132.04668403442224,7850.0,25.2,13.2,58.52983076837425,Industry 5.0
161,VRF_System,Supplier_C,0.9,0.78,False,,False,,False,False,155.3038054789556,6850.0,25.2,13.2,79.73610895567074,Industry 5.0
163,Cassette_AC,Supplier_A,0.6,0.92,False,,False,,False,False,139.17255138865153,8950.0,25.2,13.2,54.4339653231947,Industry 5.0
164,Cassette_AC,Supplier_C,0.6,0.78,False,,False,,False,False,153.70270039064735,6850.0,25.2,13.2,57.685845507448626,Industry 5.0
167,Split_AC,Supplier_A,0.4,0.92,False,,False,,False,False,132.1471185752098,8950.0,25.2,13.2,44.91956330361644,Industry 5.0
166,VRF_System,Supplier_C,0.9,0.78,False,,False,,False,False,147.28981879014736,7050.0,25.2,13.2,79.96005699337373,Industry 5.0
168,Cassette_AC,Supplier_C,0.6,0.78,False,,False,,False,False,141.00465564187311,6650.0,25.2,13.2,53.66538704423658,Industry 5.0
172,Split_AC,Supplier_A,0.4,0.92,False,,False,,False,False,109.90156268507758,8750.0,25.2,13.2,41.00325702920749,Industry 5.0
169,VRF_System,Supplier_A,0.9,0.92,False,,False,,False,False,146.51218541991557,8950.0,25.2,13.2,77.42632815866786,Industry 5.0
170,VRF_System,Supplier_A,0.9,0.92,False,,False,,False,False,150.14071828011197,9150.0,25.2,13.2,83.73422995166958,Industry 5.0
176,VRF_System,Supplier_C,0.9,0.78,True,assembly,True,assembly,True,False,100.64176088378281,7680.0,21.7,10.899999999999999,85.36611011256194,Industry 5.0
171,Cassette_AC,Supplier_A,0.6,0.92,False,,False,,False,False,155.4442409705523,9350.0,25.2,13.2,61.86019801994478,Industry 5.0
173,VRF_System,Supplier_C,0.9,0.78,True,testing,False,,False,False,139.58987463560334,6650.0,25.2,13.2,88.53745895457038,Industry 5.0
181,Split_AC,Supplier_B,0.4,0.85,True,brazing,True,brazing,True,False,85.19803145809647,8670.0,17.7,8.899999999999999,48.430115064068104,Industry 5.0
175,Split_AC,Supplier_A,0.4,0.92,True,testing,True,final_collaborative_check,True,False,136.9018357207758,10700.0,35.2,18.2,42.15663812079505,Industry 5.0
174,VRF_System,Supplier_B,0.9,0.85,False,,False,,False,False,154.09905412574017,8250.0,25.2,13.2,84.03018484106788,Industry 5.0
177,VRF_System,Supplier_C,0.9,0.78,False,,False,,False,False,132.11644361032313,6650.0,25.2,13.2,80.94820735880849,Industry 5.0
179,Split_AC,Supplier_B,0.4,0.85,False,,False,,False,False,143.48693331196682,7650.0,25.2,13.2,40.407199046044056,Industry 5.0
178,Cassette_AC,Supplier_C,0.6,0.78,False,,False,,False,False,156.41408352617464,6850.0,25.2,13.2,61.93178493390587,Industry 5.0
182,Split_AC,Supplier_A,0.4,0.92,False,,False,,False,False,132.0751938754329,8750.0,25.2,13.2,39.29172202904449,Industry 5.0
180,Split_AC,Supplier_B,0.4,0.85,False,,False,,False,False,159.1069195017244,7650.0,25.2,13.2,37.37084385536451,Industry 5.0
184,Split_AC,Supplier_A,0.4,0.92,False,,False,,False,False,135.6621019569261,8750.0,25.2,13.2,34.61277158239619,Industry 5.0
183,VRF_System,Supplier_B,0.9,0.85,True,cutting,True,final_collaborative_check,True,False,162.63412833155758,9800.0,35.2,18.2,85.83242893529385,Industry 5.0
185,VRF_System,Supplier_A,0.9,0.92,False,,False,,False,False,146.0049908370479,9150.0,25.2,13.2,77.08677895762636,Industry 5.0
186,Cassette_AC,Supplier_C,0.6,0.78,False,,False,,False,False,149.0166763590055,6650.0,25.2,13.2,57.074466929503735,Industry 5.0
188,Split_AC,Supplier_C,0.4,0.78,False,,False,,False,False,128.7642336541553,6250.0,25.2,13.2,38.58960914496527,Industry 5.0
196,VRF_System,Supplier_C,0.9,0.78,True,cutting,True,cutting,True,False,49.161131278519406,7460.0,8.5,4.3,80.9468199995062,Industry 5.0
187,Cassette_AC,Supplier_C,0.6,0.78,False,,False,,False,False,159.9558709137841,6850.0,25.2,13.2,60.073595634542315,Industry 5.0
190,Split_AC,Supplier_A,0.4,0.92,False,,False,,False,False,135.5709039103665,8750.0,25.2,13.2,37.797848037907606,Industry 5.0
189,Cassette_AC,Supplier_A,0.6,0.92,False,,False,,False,False,148.06615855281234,8950.0,25.2,13.2,55.97534684127121,Industry 5.0
191,Split_AC,Supplier_A,0.4,0.92,False,,False,,False,False,135.29093745457521,8750.0,25.2,13.2,46.74990132486298,Industry 5.0
193,Split_AC,Supplier_B,0.4,0.85,False,,False,,False,False,134.3810453432909,7850.0,25.2,13.2,42.662305947951076,Industry 5.0
194,Cassette_AC,Supplier_A,0.6,0.92,True,cutting,True,final_collaborative_check,True,False,135.9726928922837,10700.0,35.2,18.2,55.74975569424775,Industry 5.0
192,VRF_System,Supplier_A,0.9,0.92,True,testing,True,final_collaborative_check,True,False,164.96002030143381,10900.0,35.2,18.2,81.4410787731295,Industry 5.0
195,Split_AC,Supplier_A,0.4,0.92,False,,False,,False,False,144.66747876929503,8950.0,25.2,13.2,43.15227649205531,Industry 5.0
197,Split_AC,Supplier_A,0.4,0.92,False,,False,,False,False,138.01755332004018,9150.0,25.2,13.2,38.038039215054134,Industry 5.0
200,Split_AC,Supplier_A,0.4,0.92,False,,False,,False,False,123.99438797376297,8950.0,25.2,13.2,43.98111835158047,Industry 5.0
198,VRF_System,Supplier_A,0.9,0.92,False,,False,,False,False,147.1739752647602,9350.0,25.2,13.2,88.71332909076084,Industry 5.0
202,VRF_System,Supplier_B,0.9,0.85,False,,False,,False,False,121.15584739476708,7650.0,25.2,13.2,78.33624130353355,Industry 5.0
199,Split_AC,Supplier_C,0.4,0.78,False,,False,,False,False,154.7204077893764,6450.0,25.2,13.2,53.15720110852316,Industry 5.0
203,Split_AC,Supplier_C,0.4,0.78,False,,False,,False,False,126.84750846121369,6450.0,25.2,13.2,38.10731598703127,Industry 5.0
201,Split_AC,Supplier_C,0.4,0.78,False,,False,,False,False,146.47753369615043,6250.0,25.2,13.2,43.640030492721806,Industry 5.0
204,Split_AC,Supplier_C,0.4,0.78,False,,False,,False,False,137.24797275158198,6450.0,25.2,13.2,53.305685545205904,Industry 5.0
205,Cassette_AC,Supplier_B,0.6,0.85,False,,False,,False,False,125.25024739611763,7850.0,25.2,13.2,48.24991881789159,Industry 5.0
206,Split_AC,Supplier_B,0.4,0.85,False,,False,,False,False,133.27291513068303,7650.0,25.2,13.2,44.26225876121255,Industry 5.0
207,VRF_System,Supplier_A,0.9,0.92,False,,False,,False,False,121.83391007283262,9150.0,25.2,13.2,75.96851552343612,Industry 5.0
208,Cassette_AC,Supplier_B,0.6,0.85,False,,False,,False,False,122.8831369731879,7650.0,25.2,13.2,57.17765757204531,Industry 5.0
209,VRF_System,Supplier_B,0.9,0.85,False,,False,,False,False,128.36703282379494,7850.0,25.2,13.2,74.95487410877183,Industry 5.0
210,Split_AC,Supplier_A,0.4,0.92,False,,False,,False,False,133.00286702126277,8750.0,25.2,13.2,43.46358252881445,Industry 5.0
211,Split_AC,Supplier_C,0.4,0.78,False,,False,,False,False,127.95680382274941,6650.0,25.2,13.2,47.00282824129712,Industry 5.0
214,Cassette_AC,Supplier_A,0.6,0.92,True,painting,True,final_collaborative_check,True,False,112.98564146354738,10700.0,35.2,18.2,49.97027697263709,Industry 5.0
212,Split_AC,Supplier_B,0.4,0.85,False,,False,,False,False,144.9849781570606,7850.0,25.2,13.2,35.81967351242011,Industry 5.0
213,VRF_System,Supplier_C,0.9,0.78,False,,False,,False,False,148.16765479664446,6850.0,25.2,13.2,82.51127777593362,Industry 5.0
218,Cassette_AC,Supplier_B,0.6,0.85,False,,False,,False,False,118.73513735028564,7850.0,25.2,13.2,49.30410131115149,Industry 5.0
216,Cassette_AC,Supplier_B,0.6,0.85,False,,False,,False,False,148.35562517081144,7850.0,25.2,13.2,56.67782019105691,Industry 5.0
215,Cassette_AC,Supplier_B,0.6,0.85,False,,False,,False,False,158.70672528702744,7650.0,25.2,13.2,53.528928074120614,Industry 5.0
219,Cassette_AC,Supplier_C,0.6,0.78,False,,False,,False,False,129.97523355334124,6450.0,25.2,13.2,56.953357153878244,Industry 5.0
225,Cassette_AC,Supplier_A,0.6,0.92,True,brazing,True,brazing,True,False,78.94118891783819,9970.0,17.7,8.899999999999999,60.323799060843356,Industry 5.0
217,VRF_System,Supplier_A,0.9,0.92,True,brazing,True,final_collaborative_check,True,False,160.8725940450845,11100.0,35.2,18.2,81.42792626881041,Industry 5.0
220,Cassette_AC,Supplier_C,0.6,0.78,False,,False,,False,False,140.2595607929502,6650.0,25.2,13.2,61.28025082653378,Industry 5.0
222,Split_AC,Supplier_C,0.4,0.78,False,,False,,False,False,134.60978765577966,6450.0,25.2,13.2,42.06421998038371,Industry 5.0
221,Split_AC,Supplier_C,0.4,0.78,False,,False,,False,False,149.63459995026506,6450.0,25.2,13.2,51.385543567159225,Industry 5.0
224,VRF_System,Supplier_B,0.9,0.85,False,,False,,False,False,140.56174110770644,7650.0,25.2,13.2,84.76473063270615,Industry 5.0
223,VRF_System,Supplier_A,0.9,0.92,True,painting,True,painting,True,False,156.93683787460623,10390.0,29.2,15.2,81.02040552630062,Industry 5.0
226,VRF_System,Supplier_A,0.9,0.92,False,,False,,False,False,138.1012390043229,9350.0,25.2,13.2,78.36666896381782,Industry 5.0
228,Cassette_AC,Supplier_A,0.6,0.92,False,,False,,False,False,124.26614682964964,8950.0,25.2,13.2,52.41639932429901,Industry 5.0
230,Cassette_AC,Supplier_C,0.6,0.78,True,assembly,True,assembly,True,False,119.74915549967636,7680.0,21.7,10.899999999999999,47.32861703636241,Industry 5.0
229,Cassette_AC,Supplier_C,0.6,0.78,False,,False,,False,False,135.5395594089082,6450.0,25.2,13.2,60.74121378010786,Industry 5.0
227,Cassette_AC,Supplier_A,0.6,0.92,False,,False,,False,False,151.99754137806804,9150.0,25.2,13.2,48.239363984366776,Industry 5.0
237,Split_AC,Supplier_C,0.4,0.78,True,brazing,True,brazing,True,False,79.99737918904748,7470.0,17.7,8.899999999999999,50.85311990738911,Industry 5.0
232,Cassette_AC,Supplier_C,0.6,0.78,False,,False,,False,False,135.44790010812858,6450.0,25.2,13.2,59.335438156756915,Industry 5.0
231,Split_AC,Supplier_B,0.4,0.85,False,,False,,False,False,148.19688347863575,7650.0,25.2,13.2,34.34611743664871,Industry 5.0
236,Split_AC,Supplier_A,0.4,0.92,False,,False,,False,False,129.5250068719024,9350.0,25.2,13.2,38.89389254558845,Industry 5.0
234,VRF_System,Supplier_A,0.9,0.92,False,,False,,False,False,156.69185757538298,9550.0,25.2,13.2,80.98081899602329,Industry 5.0
233,VRF_System,Supplier_C,0.9,0.78,True,painting,True,painting,True,False,164.59746283991763,7890.0,29.2,15.2,81.23399865541828,Industry 5.0
235,Cassette_AC,Supplier_A,0.6,0.92,False,,False,,False,False,147.16367448412484,8950.0,25.2,13.2,51.818278840335545,Industry 5.0
240,Split_AC,Supplier_C,0.4,0.78,False,,False,,False,False,112.69229053574963,6450.0,25.2,13.2,41.84940839308212,Industry 5.0
239,Split_AC,Supplier_B,0.4,0.85,False,,False,,False,False,136.13510518238763,7650.0,25.2,13.2,41.128146225924425,Industry 5.0
238,Cassette_AC,Supplier_A,0.6,0.92,False,,False,,False,False,158.70026409676257,9350.0,25.2,13.2,53.34862636823593,Industry 5.0
242,VRF_System,Supplier_A,0.9,0.92,False,,False,,False,False,147.33709464807816,9350.0,25.2,13.2,83.81867007338363,Industry 5.0
241,Split_AC,Supplier_B,0.4,0.85,False,,False,,False,False,156.30770271044003,7850.0,25.2,13.2,41.31535634296054,Industry 5.0
244,VRF_System,Supplier_B,0.9,0.85,False,,False,,False,False,136.85240232683145,7850.0,25.2,13.2,80.27242097223154,Industry 5.0
246,VRF_System,Supplier_C,0.9,0.78,True,assembly,True,assembly,True,False,130.3058930495872,7680.0,21.7,10.899999999999999,79.16574402210084,Industry 5.0
243,Split_AC,Supplier_B,0.4,0.85,False,,False,,False,False,161.35430244171857,7850.0,25.2,13.2,38.64817753807514,Industry 5.0
245,Cassette_AC,Supplier_A,0.6,0.92,False,,False,,False,False,149.01177983195976,8950.0,25.2,13.2,53.85698513801001,Industry 5.0
252,VRF_System,Supplier_B,0.9,0.85,True,brazing,True,brazing,True,False,105.24778074666119,8870.0,17.7,8.899999999999999,82.778375151532,Industry 5.0
247,VRF_System,Supplier_B,0.9,0.85,False,,False,,False,False,158.93631365442252,8050.0,25.2,13.2,80.13243208462978,Industry 5.0
250,Cassette_AC,Supplier_B,0.6,0.85,False,,False,,False,False,138.91536551288527,7850.0,25.2,13.2,56.500746183350685,Industry 5.0
248,Cassette_AC,Supplier_C,0.6,0.78,False,,False,,False,False,158.51888171282644,6650.0,25.2,13.2,59.5917027958445,Industry 5.0
249,VRF_System,Supplier_A,0.9,0.92,False,,False,,False,False,177.83130805925612,9550.0,25.2,13.2,78.55423408683885,Industry 5.0
254,Split_AC,Supplier_B,0.4,0.85,False,,False,,False,False,127.89910065146569,7850.0,25.2,13.2,38.370329940569306,Industry 5.0
251,VRF_System,Supplier_A,0.9,0.92,False,,False,,False,False,171.35645947576222,9150.0,25.2,13.2,77.75738152342524,Industry 5.0
253,Split_AC,Supplier_B,0.4,0.85,False,,False,,False,False,162.00436495462372,7650.0,25.2,13.2,41.989892805792735,Industry 5.0
256,VRF_System,Supplier_B,0.9,0.85,False,,False,,False,False,137.89593895977123,7850.0,25.2,13.2,81.00986048456868,Industry 5.0
255,VRF_System,Supplier_B,0.9,0.85,False,,False,,False,False,167.45279908017028,7850.0,25.2,13.2,79.6179044991691,Industry 5.0
258,VRF_System,Supplier_B,0.9,0.85,False,,False,,False,False,142.50844331613735,7850.0,25.2,13.2,77.95756695805508,Industry 5.0
259,Split_AC,Supplier_A,0.4,0.92,False,,False,,False,False,136.42520994163397,8950.0,25.2,13.2,44.14200418483189,Industry 5.0
257,Split_AC,Supplier_C,0.4,0.78,False,,False,,False,False,163.211110894189,6650.0,25.2,13.2,42.94540087898884,Industry 5.0
262,Cassette_AC,Supplier_A,0.6,0.92,False,,False,,False,False,131.994475860909,8950.0,25.2,13.2,55.05696634516015,Industry 5.0
263,Split_AC,Supplier_C,0.4,0.78,False,,False,,False,False,123.62909101260948,6650.0,25.2,13.2,39.82368627664449,Industry 5.0
260,VRF_System,Supplier_A,0.9,0.92,False,,False,,False,False,168.52875099597713,9350.0,25.2,13.2,79.92876745408178,Industry 5.0
261,Split_AC,Supplier_B,0.4,0.85,False,,False,,False,False,164.2794643274351,7450.0,25.2,13.2,44.203445060536446,Industry 5.0
264,VRF_System,Supplier_B,0.9,0.85,False,,False,,False,False,149.9661870504492,7850.0,25.2,13.2,83.02982136726182,Industry 5.0
265,VRF_System,Supplier_B,0.9,0.85,False,,False,,False,False,154.0055906496973,7850.0,25.2,13.2,83.93511415119058,Industry 5.0
267,Split_AC,Supplier_B,0.4,0.85,False,,False,,False,False,144.94614168270937,7850.0,25.2,13.2,46.3878661322323,Industry 5.0
274,Cassette_AC,Supplier_C,0.6,0.78,True,brazing,True,brazing,True,False,73.84369761732341,7470.0,17.7,8.899999999999999,63.3255284898282,Industry 5.0
266,Cassette_AC,Supplier_C,0.6,0.78,False,,False,,False,False,163.34557441024663,6450.0,25.2,13.2,59.55625078597089,Industry 5.0
270,Split_AC,Supplier_C,0.4,0.78,False,,False,,False,False,130.75925296316427,6450.0,25.2,13.2,46.55061697989232,Industry 5.0
268,Cassette_AC,Supplier_B,0.6,0.85,False,,False,,False,False,164.63897985168342,8250.0,25.2,13.2,61.04732232275676,Industry 5.0
269,VRF_System,Supplier_A,0.9,0.92,False,,False,,False,False,164.9563148936977,9150.0,25.2,13.2,76.5636976027827,Industry 5.0
271,Split_AC,Supplier_B,0.4,0.85,False,,False,,False,False,148.9497420266498,8050.0,25.2,13.2,39.33504229474613,Industry 5.0
272,Split_AC,Supplier_B,0.4,0.85,False,,False,,False,False,145.84136623991253,7850.0,25.2,13.2,45.79549801426965,Industry 5.0
273,VRF_System,Supplier_C,0.9,0.78,False,,False,,False,False,137.8227852131704,6650.0,25.2,13.2,86.12487979250348,Industry 5.0
280,Cassette_AC,Supplier_C,0.6,0.78,True,brazing,True,brazing,True,False,74.34605854755137,7670.0,17.7,8.899999999999999,61.28418647631351,Industry 5.0
276,Split_AC,Supplier_C,0.4,0.78,False,,False,,False,False,124.28661449033461,6450.0,25.2,13.2,43.74968103662834,Industry 5.0
275,Cassette_AC,Supplier_A,0.6,0.92,False,,False,,False,False,134.5584339586576,8950.0,25.2,13.2,54.40463991974837,Industry 5.0
277,Cassette_AC,Supplier_A,0.6,0.92,True,painting,True,painting,True,False,137.57054388062625,9990.0,29.2,15.2,51.74347210871294,Industry 5.0
279,Split_AC,Supplier_C,0.4,0.78,False,,False,,False,False,130.9718706041126,6650.0,25.2,13.2,48.77487643601834,Industry 5.0
278,Cassette_AC,Supplier_A,0.6,0.92,False,,False,,False,False,143.4004099497347,9150.0,25.2,13.2,54.581487302641925,Industry 5.0
281,VRF_System,Supplier_C,0.9,0.78,True,assembly,True,assembly,True,False,120.44237232666546,7880.0,21.7,10.899999999999999,84.34064052390781,Industry 5.0
291,VRF_System,Supplier_A,0.9,0.92,True,cutting,True,cutting,True,False,32.39061484546255,9960.0,8.5,4.3,81.64193411636832,Industry 5.0
284,Cassette_AC,Supplier_C,0.6,0.78,False,,False,,False,False,108.66855265094455,6450.0,25.2,13.2,59.97144698981845,Industry 5.0
285,Cassette_AC,Supplier_A,0.6,0.92,True,cutting,True,final_collaborative_check,True,False,124.88001108726803,10700.0,35.2,18.2,53.70711140240963,Industry 5.0
282,VRF_System,Supplier_B,0.9,0.85,False,,False,,False,False,166.15761248406125,8250.0,25.2,13.2,81.75331277108518,Industry 5.0
283,VRF_System,Supplier_A,0.9,0.92,False,,False,,False,False,171.35113243973638,9550.0,25.2,13.2,85.4145094856005,Industry 5.0
286,Cassette_AC,Supplier_B,0.6,0.85,False,,False,,False,False,149.72104755416876,8050.0,25.2,13.2,48.42091159535514,Industry 5.0
287,VRF_System,Supplier_A,0.9,0.92,False,,False,,False,False,144.40349893546045,9150.0,25.2,13.2,77.56394058317575,Industry 5.0
288,Split_AC,Supplier_C,0.4,0.78,False,,False,,False,False,143.2698661612426,6450.0,25.2,13.2,38.97671463305379,Industry 5.0
289,VRF_System,Supplier_A,0.9,0.92,True,assembly,True,assembly,True,False,129.25016211030788,10180.0,21.7,10.899999999999999,79.00009685721535,Industry 5.0
290,VRF_System,Supplier_B,0.9,0.85,False,,False,,False,False,146.22819323181056,8050.0,25.2,13.2,81.55940223026552,Industry 5.0
292,Cassette_AC,Supplier_A,0.6,0.92,True,cutting,True,final_collaborative_check,True,False,124.4219926431515,10900.0,35.2,18.2,59.07602774655775,Industry 5.0
295,Cassette_AC,Supplier_B,0.6,0.85,True,assembly,True,assembly,True,False,115.65044600700776,8880.0,21.7,10.899999999999999,61.05099844495937,Industry 5.0
293,Cassette_AC,Supplier_A,0.6,0.92,False,,False,,False,False,140.12831252927072,9350.0,25.2,13.2,50.06169032403021,Industry 5.0
296,Cassette_AC,Supplier_A,0.6,0.92,False,,False,,False,False,135.68267643432546,9150.0,25.2,13.2,53.62145004511281,Industry 5.0
298,Cassette_AC,Supplier_B,0.6,0.85,True,testing,True,final_collaborative_check,True,False,123.16013968889229,9400.0,35.2,18.2,63.19196377439922,Industry 5.0
297,Cassette_AC,Supplier_A,0.6,0.92,False,,False,,False,False,150.95326912034352,9350.0,25.2,13.2,53.89550399595422,Industry 5.0
294,Cassette_AC,Supplier_B,0.6,0.85,False,,False,,False,False,177.01937440749862,8250.0,25.2,13.2,57.33861123672451,Industry 5.0
299,Split_AC,Supplier_C,0.4,0.78,False,,False,,False,False,143.80733210463495,6650.0,25.2,13.2,44.37334137931714,Industry 5.0
300,Cassette_AC,Supplier_C,0.6,0.78,False,,False,,False,False,140.68827886184727,6450.0,25.2,13.2,58.79885031089775,Industry 5.0
301,Split_AC,Supplier_A,0.4,0.92,True,painting,True,final_collaborative_check,True,False,153.93205051793348,10700.0,35.2,18.2,34.493025746813565,Industry 5.0
306,Split_AC,Supplier_C,0.4,0.78,False,,False,,False,False,113.3664018707791,6450.0,25.2,13.2,41.2263091469767,Industry 5.0
304,Cassette_AC,Supplier_A,0.6,0.92,True,painting,True,final_collaborative_check,True,False,138.2758567280007,10700.0,35.2,18.2,50.55885842984205,Industry 5.0
302,VRF_System,Supplier_B,0.9,0.85,False,,False,,False,False,173.84205408189382,8250.0,25.2,13.2,82.65679871321952,Industry 5.0
307,Split_AC,Supplier_A,0.4,0.92,False,,False,,False,False,144.70621524353464,8950.0,25.2,13.2,35.15401804968032,Industry 5.0
303,Split_AC,Supplier_A,0.4,0.92,False,,False,,False,False,190.76340857615514,9350.0,25.2,13.2,39.20738924993755,Industry 5.0
305,Cassette_AC,Supplier_B,0.6,0.85,False,,False,,False,False,186.5899880203383,7850.0,25.2,13.2,50.99105024129328,Industry 5.0
309,VRF_System,Supplier_A,0.9,0.92,False,,False,,False,False,144.31402510953058,8950.0,25.2,13.2,75.55883658275532,Industry 5.0
308,VRF_System,Supplier_B,0.9,0.85,False,,False,,False,False,158.89487934409271,7850.0,25.2,13.2,80.19540948870096,Industry 5.0
310,Split_AC,Supplier_B,0.4,0.85,False,,False,,False,False,151.98115987280562,7650.0,25.2,13.2,38.62747328610326,Industry 5.0
312,Cassette_AC,Supplier_C,0.6,0.78,True,painting,True,painting,True,False,143.19193614354117,7890.0,29.2,15.2,62.653764153317056,Industry 5.0
311,VRF_System,Supplier_A,0.9,0.92,False,,False,,False,False,159.45008981390993,9150.0,25.2,13.2,75.02924382655047,Industry 5.0
314,Split_AC,Supplier_A,0.4,0.92,False,,False,,False,False,141.14575379480584,8950.0,25.2,13.2,37.13101127480316,Industry 5.0
315,Cassette_AC,Supplier_A,0.6,0.92,False,,False,,False,False,148.35633587247412,9150.0,25.2,13.2,51.21519326830576,Industry 5.0
317,Split_AC,Supplier_B,0.4,0.85,False,,False,,False,False,135.51314793786014,7450.0,25.2,13.2,39.678720853596545,Industry 5.0
313,VRF_System,Supplier_B,0.9,0.85,False,,False,,False,False,189.68609637898953,8050.0,25.2,13.2,82.18795973740869,Industry 5.0
319,VRF_System,Supplier_A,0.9,0.92,False,,False,,False,False,138.81748894055409,9150.0,25.2,13.2,80.21606566459192,Industry 5.0
320,Cassette_AC,Supplier_B,0.6,0.85,False,,False,,False,False,137.776112892539,7650.0,25.2,13.2,51.68866728612602,Industry 5.0
316,Cassette_AC,Supplier_C,0.6,0.78,False,,False,,False,False,172.92305580757966,6250.0,25.2,13.2,58.92164839144701,Industry 5.0
323,Cassette_AC,Supplier_B,0.6,0.85,False,,False,,False,False,133.3420752637362,7850.0,25.2,13.2,57.61896619664205,Industry 5.0
318,Split_AC,Supplier_C,0.4,0.78,False,,False,,False,False,183.04162027745588,6650.0,25.2,13.2,36.91306505464612,Industry 5.0
326,VRF_System,Supplier_B,0.9,0.85,True,assembly,True,assembly,True,False,114.79304097449722,8880.0,21.7,10.899999999999999,73.42393030468521,Industry 5.0
325,Split_AC,Supplier_A,0.4,0.92,False,,False,,False,False,134.6604819668064,9150.0,25.2,13.2,44.466278004568046,Industry 5.0
321,Split_AC,Supplier_C,0.4,0.78,False,,False,,False,False,175.77199254135394,6650.0,25.2,13.2,37.87272992459283,Industry 5.0
324,Cassette_AC,Supplier_B,0.6,0.85,False,,False,,False,False,164.46184899213358,7850.0,25.2,13.2,65.5706519004963,Industry 5.0
322,VRF_System,Supplier_B,0.9,0.85,False,,False,,False,False,188.2409715054191,7850.0,25.2,13.2,82.05614794484597,Industry 5.0
333,VRF_System,Supplier_C,0.9,0.78,True,brazing,True,brazing,True,False,82.03903619179619,7670.0,17.7,8.899999999999999,84.38779537389773,Industry 5.0
327,Cassette_AC,Supplier_A,0.6,0.92,False,,False,,False,False,136.86279345017465,9150.0,25.2,13.2,59.47415946439471,Industry 5.0
328,Cassette_AC,Supplier_C,0.6,0.78,False,,False,,False,False,138.1727176632853,6450.0,25.2,13.2,55.536880163380125,Industry 5.0
329,VRF_System,Supplier_B,0.9,0.85,True,assembly,True,assembly,True,False,133.19343091484006,8880.0,21.7,10.899999999999999,83.72233046019826,Industry 5.0
331,Split_AC,Supplier_A,0.4,0.92,False,,False,,False,False,125.07001197429145,8750.0,25.2,13.2,40.35090011334035,Industry 5.0
332,Cassette_AC,Supplier_C,0.6,0.78,True,painting,True,final_collaborative_check,True,False,127.31584306085824,8400.0,35.2,18.2,59.66969476580672,Industry 5.0
330,Split_AC,Supplier_A,0.4,0.92,False,,False,,False,False,164.01487043098678,9350.0,25.2,13.2,44.01450663728916,Industry 5.0
334,VRF_System,Supplier_A,0.9,0.92,False,,False,,False,False,147.23665396597607,9350.0,25.2,13.2,83.50190183910274,Industry 5.0
335,Cassette_AC,Supplier_C,0.6,0.78,False,,False,,False,False,136.39428648429885,6450.0,25.2,13.2,59.44532948494122,Industry 5.0
337,VRF_System,Supplier_A,0.9,0.92,True,painting,True,painting,True,False,127.15254668315174,10590.0,29.2,15.2,86.36917168098333,Industry 5.0
338,Split_AC,Supplier_B,0.4,0.85,False,,False,,False,False,129.9931386698654,7450.0,25.2,13.2,41.553322031694144,Industry 5.0
349,VRF_System,Supplier_A,0.9,0.92,True,cutting,True,cutting,True,False,27.813017941345606,9960.0,8.5,4.3,71.36056625182597,Industry 5.0
336,VRF_System,Supplier_C,0.9,0.78,False,,False,,False,False,162.104062999515,6850.0,25.2,13.2,85.46762347411283,Industry 5.0
341,VRF_System,Supplier_B,0.9,0.85,True,assembly,True,assembly,True,False,122.9637978440478,8880.0,21.7,10.899999999999999,81.90204797819705,Industry 5.0
339,Split_AC,Supplier_B,0.4,0.85,False,,False,,False,False,150.97071895106865,7850.0,25.2,13.2,48.88948479433677,Industry 5.0
340,VRF_System,Supplier_C,0.9,0.78,False,,False,,False,False,157.0579545932328,6850.0,25.2,13.2,90.11736503128549,Industry 5.0
342,Split_AC,Supplier_C,0.4,0.78,False,,False,,False,False,152.01410590578098,6650.0,25.2,13.2,36.13276648070511,Industry 5.0
344,Split_AC,Supplier_B,0.4,0.85,False,,False,,False,False,135.40511141583784,7650.0,25.2,13.2,43.499588073525175,Industry 5.0
343,Split_AC,Supplier_B,0.4,0.85,False,,False,,False,False,149.03212398804635,7850.0,25.2,13.2,37.63886830787087,Industry 5.0
347,Split_AC,Supplier_B,0.4,0.85,False,,False,,False,False,120.64011733120196,7450.0,25.2,13.2,42.36569631508828,Industry 5.0
346,VRF_System,Supplier_C,0.9,0.78,False,,False,,False,False,140.8471461793174,6850.0,25.2,13.2,80.23808585708639,Industry 5.0
348,Split_AC,Supplier_C,0.4,0.78,False,,False,,False,False,123.35535607488146,6050.0,25.2,13.2,49.842791441236706,Industry 5.0
345,VRF_System,Supplier_C,0.9,0.78,False,,False,,False,False,171.68823251311596,7050.0,25.2,13.2,86.36785187199595,Industry 5.0
350,Cassette_AC,Supplier_C,0.6,0.78,False,,False,,False,False,133.12728764498524,6450.0,25.2,13.2,61.92904238803791,Industry 5.0
356,VRF_System,Supplier_B,0.9,0.85,True,brazing,True,brazing,True,False,79.48628798511209,8870.0,17.7,8.899999999999999,75.28106480524492,Industry 5.0
351,Split_AC,Supplier_A,0.4,0.92,False,,False,,False,False,127.17377269759527,8950.0,25.2,13.2,39.65013646355553,Industry 5.0
352,Split_AC,Supplier_A,0.4,0.92,False,,False,,False,False,132.45014787788887,8750.0,25.2,13.2,36.83069120039688,Industry 5.0
354,Split_AC,Supplier_A,0.4,0.92,False,,False,,False,False,124.65794773534708,8750.0,25.2,13.2,41.7243040552291,Industry 5.0
357,Split_AC,Supplier_C,0.4,0.78,False,,False,,False,False,116.19910429559332,6250.0,25.2,13.2,43.740108215249876,Industry 5.0
353,VRF_System,Supplier_C,0.9,0.78,False,,False,,False,False,159.2291727059851,7050.0,25.2,13.2,80.81039700939432,Industry 5.0
355,VRF_System,Supplier_C,0.9,0.78,False,,False,,False,False,162.76313278564976,6850.0,25.2,13.2,81.92815811273796,Industry 5.0
360,Cassette_AC,Supplier_C,0.6,0.78,False,,False,,False,False,127.45247027694177,6650.0,25.2,13.2,60.707611896158724,Industry 5.0
358,Cassette_AC,Supplier_B,0.6,0.85,False,,False,,False,False,162.5027359392193,8050.0,25.2,13.2,56.65547881857382,Industry 5.0
362,Cassette_AC,Supplier_B,0.6,0.85,False,,False,,False,False,137.26954037871474,7650.0,25.2,13.2,59.18550443676333,Industry 5.0
359,VRF_System,Supplier_A,0.9,0.92,True,painting,True,painting,True,False,167.40378902036082,10390.0,29.2,15.2,79.03626570820161,Industry 5.0
364,Cassette_AC,Supplier_C,0.6,0.78,False,,False,,False,False,131.53846260906312,6650.0,25.2,13.2,50.66907548958193,Industry 5.0
365,Cassette_AC,Supplier_B,0.6,0.85,False,,False,,False,False,134.81292528324593,8050.0,25.2,13.2,56.0595955911932,Industry 5.0
361,VRF_System,Supplier_C,0.9,0.78,False,,False,,False,False,177.67826863400524,6650.0,25.2,13.2,75.00786928381146,Industry 5.0
363,VRF_System,Supplier_C,0.9,0.78,False,,False,,False,False,165.46538223718198,6850.0,25.2,13.2,85.9028441732891,Industry 5.0
368,Split_AC,Supplier_C,0.4,0.78,False,,False,,False,False,135.97102384857226,6250.0,25.2,13.2,46.11901289155208,Industry 5.0
367,VRF_System,Supplier_B,0.9,0.85,False,,False,,False,False,151.24033745333418,7850.0,25.2,13.2,72.15180428899922,Industry 5.0
370,Split_AC,Supplier_A,0.4,0.92,True,assembly,True,assembly,True,False,137.1925596425358,10180.0,21.7,10.899999999999999,39.96869981654486,Industry 5.0
366,VRF_System,Supplier_A,0.9,0.92,False,,False,,False,False,177.64096945400433,9550.0,25.2,13.2,83.08770200145469,Industry 5.0
371,Cassette_AC,Supplier_B,0.6,0.85,False,,False,,False,False,139.75041216787622,7850.0,25.2,13.2,57.21425400446927,Industry 5.0
369,Split_AC,Supplier_C,0.4,0.78,False,,False,,False,False,166.69629317751333,6650.0,25.2,13.2,46.90347149144964,Industry 5.0
372,Cassette_AC,Supplier_A,0.6,0.92,False,,False,,False,False,143.25336976137305,8950.0,25.2,13.2,51.584408475875215,Industry 5.0
377,VRF_System,Supplier_C,0.9,0.78,True,assembly,True,assembly,True,False,96.28273581239773,7680.0,21.7,10.899999999999999,82.83305361037908,Industry 5.0
373,VRF_System,Supplier_B,0.9,0.85,False,,False,,False,False,139.16478842088372,7850.0,25.2,13.2,81.20042410066179,Industry 5.0
374,Split_AC,Supplier_B,0.4,0.85,False,,False,,False,False,139.9645423761558,7650.0,25.2,13.2,39.72349104370826,Industry 5.0
375,Split_AC,Supplier_B,0.4,0.85,False,,False,,False,False,140.51783963347134,7650.0,25.2,13.2,41.73916468287405,Industry 5.0
376,Cassette_AC,Supplier_B,0.6,0.85,False,,False,,False,False,132.24426144474273,7850.0,25.2,13.2,53.55609881465754,Industry 5.0
379,Split_AC,Supplier_C,0.4,0.78,False,,False,,False,False,120.38060652983313,6250.0,25.2,13.2,39.152851151782166,Industry 5.0
380,Cassette_AC,Supplier_C,0.6,0.78,False,,False,,False,False,128.58693612043226,6450.0,25.2,13.2,58.7375253424141,Industry 5.0
382,Cassette_AC,Supplier_C,0.6,0.78,False,,False,,False,False,107.42797984726894,6650.0,25.2,13.2,61.06389458204652,Industry 5.0
378,VRF_System,Supplier_A,0.9,0.92,True,painting,True,painting,True,False,175.0561671937021,10590.0,29.2,15.2,76.32412065947719,Industry 5.0
381,Cassette_AC,Supplier_A,0.6,0.92,False,,False,,False,False,153.80981124963728,9150.0,25.2,13.2,52.68472765446711,Industry 5.0
383,VRF_System,Supplier_A,0.9,0.92,False,,False,,False,False,132.7755308748192,9150.0,25.2,13.2,79.00604453697906,Industry 5.0
384,Split_AC,Supplier_A,0.4,0.92,False,,False,,False,False,126.85558739605176,8950.0,25.2,13.2,38.04047372386016,Industry 5.0
385,VRF_System,Supplier_A,0.9,0.92,False,,False,,False,False,127.64658035208186,9150.0,25.2,13.2,80.39328309587512,Industry 5.0
389,Cassette_AC,Supplier_A,0.6,0.92,False,,False,,False,False,110.30126186946381,8750.0,25.2,13.2,59.07590855458093,Industry 5.0
388,Split_AC,Supplier_B,0.4,0.85,True,assembly,True,assembly,True,False,122.37330220422518,8880.0,21.7,10.899999999999999,34.354854871845156,Industry 5.0
386,VRF_System,Supplier_B,0.9,0.85,False,,False,,False,False,148.09763389227646,8250.0,25.2,13.2,84.59483462741136,Industry 5.0
387,Split_AC,Supplier_B,0.4,0.85,False,,False,,False,False,152.1087574083249,7650.0,25.2,13.2,42.337469032160925,Industry 5.0
390,Cassette_AC,Supplier_C,0.6,0.78,True,cutting,True,final_collaborative_check,True,False,136.0137918153696,8400.0,35.2,18.2,57.561344407140076,Industry 5.0
391,Cassette_AC,Supplier_B,0.6,0.85,False,,False,,False,False,137.0319041335929,7650.0,25.2,13.2,65.39797849764558,Industry 5.0
392,Cassette_AC,Supplier_C,0.6,0.78,False,,False,,False,False,134.7421770777878,6450.0,25.2,13.2,58.92969067856081,Industry 5.0
393,Cassette_AC,Supplier_B,0.6,0.85,False,,False,,False,False,135.78684358766532,8050.0,25.2,13.2,52.20486967664796,Industry 5.0
394,Cassette_AC,Supplier_C,0.6,0.78,False,,False,,False,False,131.59347564826885,6450.0,25.2,13.2,57.77986658401564,Industry 5.0
396,Split_AC,Supplier_C,0.4,0.78,False,,False,,False,False,117.55960404878988,6450.0,25.2,13.2,47.58319775802448,Industry 5.0
397,Split_AC,Supplier_C,0.4,0.78,False,,False,,False,False,126.46836009877552,6250.0,25.2,13.2,42.95432106506617,Industry 5.0
395,VRF_System,Supplier_C,0.9,0.78,True,painting,True,painting,True,False,148.91198723263233,8090.0,29.2,15.2,87.16170394051738,Industry 5.0
398,Cassette_AC,Supplier_C,0.6,0.78,False,,False,,False,False,133.51780814448693,6650.0,25.2,13.2,59.42909544998578,Industry 5.0
399,Split_AC,Supplier_C,0.4,0.78,False,,False,,False,False,134.21515965445315,6450.0,25.2,13.2,46.89449020732971,Industry 5.0
400,Split_AC,Supplier_C,0.4,0.78,False,,False,,False,False,148.17915917843584,6650.0,25.2,13.2,42.33133451244598,Industry 5.0
402,VRF_System,Supplier_C,0.9,0.78,False,,False,,False,False,139.32467561727572,6650.0,25.2,13.2,81.62878211305714,Industry 5.0
401,Split_AC,Supplier_C,0.4,0.78,False,,False,,False,False,154.63111413750448,6650.0,25.2,13.2,49.741954905193914,Industry 5.0
403,VRF_System,Supplier_C,0.9,0.78,False,,False,,False,False,144.63534264640612,6850.0,25.2,13.2,88.29304266618757,Industry 5.0
404,Cassette_AC,Supplier_B,0.6,0.85,False,,False,,False,False,144.93021791225328,8050.0,25.2,13.2,62.286195839781044,Industry 5.0
406,Cassette_AC,Supplier_C,0.6,0.78,False,,False,,False,False,123.484850690224,6450.0,25.2,13.2,58.39922019879879,Industry 5.0
405,VRF_System,Supplier_A,0.9,0.92,False,,False,,False,False,150.94654921966548,9350.0,25.2,13.2,74.48916399393087,Industry 5.0
407,Split_AC,Supplier_A,0.4,0.92,False,,False,,False,False,134.36248752696474,8750.0,25.2,13.2,39.80985009131917,Industry 5.0
409,Cassette_AC,Supplier_B,0.6,0.85,False,,False,,False,False,144.19575014885777,8050.0,25.2,13.2,54.25251199400489,Industry 5.0
408,Cassette_AC,Supplier_B,0.6,0.85,False,,False,,False,False,154.78207018816556,7850.0,25.2,13.2,59.994437542694804,Industry 5.0
410,Cassette_AC,Supplier_B,0.6,0.85,False,,False,,False,False,153.94656723343678,7850.0,25.2,13.2,52.32168463299562,Industry 5.0
413,Split_AC,Supplier_A,0.4,0.92,True,assembly,True,final_collaborative_check,True,False,127.04493726838064,10500.0,35.2,18.2,51.727664440994644,Industry 5.0
411,VRF_System,Supplier_C,0.9,0.78,False,,False,,False,False,153.9298786177651,6850.0,25.2,13.2,79.31495039316806,Industry 5.0
419,VRF_System,Supplier_A,0.9,0.92,True,brazing,True,brazing,True,False,72.54748757779907,9970.0,17.7,8.899999999999999,84.54389710489104,Industry 5.0
414,Split_AC,Supplier_C,0.4,0.78,False,,False,,False,False,143.42080939200287,6650.0,25.2,13.2,45.76219628543917,Industry 5.0
412,VRF_System,Supplier_C,0.9,0.78,False,,False,,False,False,178.49668381608717,7050.0,25.2,13.2,75.15157448489474,Industry 5.0
415,Split_AC,Supplier_C,0.4,0.78,False,,False,,False,False,147.71408013413202,6650.0,25.2,13.2,38.84445324900889,Industry 5.0
416,VRF_System,Supplier_C,0.9,0.78,False,,False,,False,False,148.66674848715684,6650.0,25.2,13.2,96.62512521569828,Industry 5.0
417,VRF_System,Supplier_A,0.9,0.92,False,,False,,False,False,148.3504852970027,9150.0,25.2,13.2,73.09699871124353,Industry 5.0
418,VRF_System,Supplier_C,0.9,0.78,False,,False,,False,False,139.7759079360194,6850.0,25.2,13.2,85.90563138287617,Industry 5.0
420,Cassette_AC,Supplier_A,0.6,0.92,False,,False,,False,False,139.70783369707715,8950.0,25.2,13.2,58.2393542158546,Industry 5.0
422,Cassette_AC,Supplier_C,0.6,0.78,False,,False,,False,False,124.29449500379633,6850.0,25.2,13.2,56.790413524388505,Industry 5.0
421,Split_AC,Supplier_A,0.4,0.92,False,,False,,False,False,144.12174893196152,8750.0,25.2,13.2,41.339866876417496,Industry 5.0
423,Cassette_AC,Supplier_B,0.6,0.85,False,,False,,False,False,133.4982148905583,7850.0,25.2,13.2,56.96916762127634,Industry 5.0
424,VRF_System,Supplier_B,0.9,0.85,False,,False,,False,False,132.4371671447634,7850.0,25.2,13.2,83.72269876075998,Industry 5.0
425,Split_AC,Supplier_A,0.4,0.92,False,,False,,False,False,135.66599977772603,8950.0,25.2,13.2,40.52595861613518,Industry 5.0
426,Split_AC,Supplier_A,0.4,0.92,False,,False,,False,False,127.24888511594509,8950.0,25.2,13.2,35.55784360653628,Industry 5.0
431,Cassette_AC,Supplier_B,0.6,0.85,True,brazing,True,brazing,True,False,77.87809067242961,8870.0,17.7,8.899999999999999,52.17611290952893,Industry 5.0
428,Cassette_AC,Supplier_A,0.6,0.92,False,,False,,False,False,120.49476320467602,8950.0,25.2,13.2,54.48222261404493,Industry 5.0
427,Split_AC,Supplier_C,0.4,0.78,False,,False,,False,False,138.37065336408068,6650.0,25.2,13.2,42.60698550113688,Industry 5.0
430,Split_AC,Supplier_C,0.4,0.78,False,,False,,False,False,124.65876386937816,6450.0,25.2,13.2,43.2430254557125,Industry 5.0
429,VRF_System,Supplier_B,0.9,0.85,False,,False,,False,False,157.50201950746668,8250.0,25.2,13.2,80.48869027321437,Industry 5.0
433,Split_AC,Supplier_A,0.4,0.92,False,,False,,False,False,138.0392446293181,9150.0,25.2,13.2,40.26992447219405,Industry 5.0
435,Cassette_AC,Supplier_A,0.6,0.92,False,,False,,False,False,124.37623562674708,8750.0,25.2,13.2,53.69239655017813,Industry 5.0
432,Cassette_AC,Supplier_C,0.6,0.78,False,,False,,False,False,163.7715498206935,6450.0,25.2,13.2,61.94029001472636,Industry 5.0
434,Split_AC,Supplier_A,0.4,0.92,False,,False,,False,False,150.32353633510957,8750.0,25.2,13.2,39.11829782276563,Industry 5.0
437,Split_AC,Supplier_B,0.4,0.85,False,,False,,False,False,117.09716834239771,7450.0,25.2,13.2,42.764358119271435,Industry 5.0
436,Split_AC,Supplier_B,0.4,0.85,False,,False,,False,False,136.92972921454475,7650.0,25.2,13.2,32.582269003511634,Industry 5.0
438,VRF_System,Supplier_A,0.9,0.92,False,,False,,False,False,140.86847177654454,9150.0,25.2,13.2,87.59048927595698,Industry 5.0
439,VRF_System,Supplier_B,0.9,0.85,False,,False,,False,False,139.66547754367912,7850.0,25.2,13.2,80.44285899617175,Industry 5.0
440,Cassette_AC,Supplier_C,0.6,0.78,False,,False,,False,False,143.78167810466493,6650.0,25.2,13.2,63.29916123842816,Industry 5.0
443,VRF_System,Supplier_B,0.9,0.85,True,cutting,True,final_collaborative_check,True,False,121.69304783395819,9600.0,35.2,18.2,78.34222169616379,Industry 5.0
444,Split_AC,Supplier_A,0.4,0.92,False,,False,,False,False,119.01955233634635,8950.0,25.2,13.2,39.05545334052786,Industry 5.0
441,VRF_System,Supplier_B,0.9,0.85,True,testing,True,final_collaborative_check,True,False,148.2595016671885,9600.0,35.2,18.2,86.79881135860988,Industry 5.0
445,Cassette_AC,Supplier_A,0.6,0.92,False,,False,,False,False,135.68138756253302,9150.0,25.2,13.2,55.38403887881253,Industry 5.0
442,VRF_System,Supplier_C,0.9,0.78,False,,False,,False,False,177.17557563571154,7050.0,25.2,13.2,79.96442174377538,Industry 5.0
446,Cassette_AC,Supplier_A,0.6,0.92,False,,False,,False,False,147.66984599857187,9150.0,25.2,13.2,54.06229516174331,Industry 5.0
447,VRF_System,Supplier_B,0.9,0.85,False,,False,,False,False,140.28708691709016,7850.0,25.2,13.2,84.47941405596522,Industry 5.0
448,Split_AC,Supplier_B,0.4,0.85,False,,False,,False,False,139.75352175889384,7650.0,25.2,13.2,43.754558190575985,Industry 5.0
449,Cassette_AC,Supplier_A,0.6,0.92,False,,False,,False,False,143.20009742206912,9150.0,25.2,13.2,54.095793650218866,Industry 5.0
450,VRF_System,Supplier_B,0.9,0.85,False,,False,,False,False,148.1092642654894,8050.0,25.2,13.2,80.2864886292546,Industry 5.0
451,Cassette_AC,Supplier_C,0.6,0.78,False,,False,,False,False,144.11357826854055,6850.0,25.2,13.2,65.2792283872518,Industry 5.0
452,Cassette_AC,Supplier_A,0.6,0.92,False,,False,,False,False,135.02984191056657,8950.0,25.2,13.2,56.55461149240659,Industry 5.0
453,Cassette_AC,Supplier_C,0.6,0.78,False,,False,,False,False,134.13442187433793,6850.0,25.2,13.2,57.61754314967882,Industry 5.0
454,VRF_System,Supplier_C,0.9,0.78,False,,False,,False,False,137.8086968177795,6850.0,25.2,13.2,77.65630869258545,Industry 5.0
456,Cassette_AC,Supplier_C,0.6,0.78,False,,False,,False,False,134.51101342902803,6650.0,25.2,13.2,54.459063630156436,Industry 5.0
455,VRF_System,Supplier_C,0.9,0.78,False,,False,,False,False,144.84846548796395,6850.0,25.2,13.2,85.66149282575472,Industry 5.0
457,VRF_System,Supplier_A,0.9,0.92,False,,False,,False,False,137.2516990773829,9150.0,25.2,13.2,71.60360715043292,Industry 5.0
458,Split_AC,Supplier_A,0.4,0.92,False,,False,,False,False,127.09271208868358,8750.0,25.2,13.2,42.29056754219792,Industry 5.0
463,VRF_System,Supplier_B,0.9,0.85,True,brazing,True,brazing,True,False,84.67720288165128,8870.0,17.7,8.899999999999999,83.23084841432215,Industry 5.0
459,Cassette_AC,Supplier_A,0.6,0.92,False,,False,,False,False,136.2806640521785,9150.0,25.2,13.2,50.41548106944059,Industry 5.0
461,Cassette_AC,Supplier_A,0.6,0.92,False,,False,,False,False,123.30928762507392,8950.0,25.2,13.2,56.861634783389825,Industry 5.0
460,VRF_System,Supplier_C,0.9,0.78,False,,False,,False,False,147.23835948568558,6850.0,25.2,13.2,82.78721593684452,Industry 5.0
462,Split_AC,Supplier_C,0.4,0.78,False,,False,,False,False,140.40025649220206,6450.0,25.2,13.2,38.42020357386745,Industry 5.0
466,Split_AC,Supplier_A,0.4,0.92,False,,False,,False,False,111.68607352738127,8950.0,25.2,13.2,35.30166813077479,Industry 5.0
464,Cassette_AC,Supplier_B,0.6,0.85,False,,False,,False,False,145.32740679180006,8050.0,25.2,13.2,63.17341401282519,Industry 5.0
467,VRF_System,Supplier_A,0.9,0.92,True,testing,True,final_collaborative_check,True,False,122.71765026900539,10900.0,35.2,18.2,79.3740465819017,Industry 5.0
469,Split_AC,Supplier_A,0.4,0.92,False,,False,,False,False,117.92984926066583,8950.0,25.2,13.2,39.49244655163599,Industry 5.0
465,VRF_System,Supplier_A,0.9,0.92,False,,False,,False,False,166.36850840851548,9550.0,25.2,13.2,74.89559791102485,Industry 5.0
468,VRF_System,Supplier_A,0.9,0.92,False,,False,,False,False,162.9225478254939,9350.0,25.2,13.2,75.30733296334827,Industry 5.0
470,VRF_System,Supplier_C,0.9,0.78,False,,False,,False,False,142.54141110699493,6650.0,25.2,13.2,80.22058344733423,Industry 5.0
471,VRF_System,Supplier_A,0.9,0.92,False,,False,,False,False,160.2636190880312,9550.0,25.2,13.2,70.3674012030121,Industry 5.0
474,Split_AC,Supplier_C,0.4,0.78,False,,False,,False,False,129.89470187101597,6450.0,25.2,13.2,48.86965373307118,Industry 5.0
473,Cassette_AC,Supplier_C,0.6,0.78,False,,False,,False,False,148.7120866203777,6650.0,25.2,13.2,62.17165801594721,Industry 5.0
472,VRF_System,Supplier_C,0.9,0.78,True,painting,True,painting,True,False,158.61686624534104,8090.0,29.2,15.2,80.0008859530765,Industry 5.0
476,Split_AC,Supplier_A,0.4,0.92,False,,False,,False,False,126.4662405567824,8750.0,25.2,13.2,41.47109408209309,Industry 5.0
479,VRF_System,Supplier_C,0.9,0.78,True,assembly,True,assembly,True,False,106.75535228038189,7680.0,21.7,10.899999999999999,89.1689237674616,Industry 5.0
477,Split_AC,Supplier_C,0.4,0.78,False,,False,,False,False,134.0599305042997,6450.0,25.2,13.2,49.68650586436543,Industry 5.0
475,Split_AC,Supplier_B,0.4,0.85,False,,False,,False,False,156.59495477934342,7650.0,25.2,13.2,36.140119074108,Industry 5.0
480,Split_AC,Supplier_B,0.4,0.85,False,,False,,False,False,127.02665284948671,7650.0,25.2,13.2,37.56360711690193,Industry 5.0
478,Split_AC,Supplier_C,0.4,0.78,False,,False,,False,False,150.530377295594,6850.0,25.2,13.2,44.89767824949983,Industry 5.0
482,Split_AC,Supplier_A,0.4,0.92,False,,False,,False,False,122.62265580610983,8950.0,25.2,13.2,38.017496375079205,Industry 5.0
484,VRF_System,Supplier_C,0.9,0.78,True,assembly,True,final_collaborative_check,True,False,125.32106570910219,8600.0,35.2,18.2,86.15081308511655,Industry 5.0
481,VRF_System,Supplier_C,0.9,0.78,False,,False,,False,False,155.76427699186843,6850.0,25.2,13.2,78.4471677556078,Industry 5.0
483,VRF_System,Supplier_C,0.9,0.78,False,,False,,False,False,142.17931565068193,6650.0,25.2,13.2,79.10835581495446,Industry 5.0
485,Split_AC,Supplier_B,0.4,0.85,False,,False,,False,False,154.344343276548,7850.0,25.2,13.2,43.390625519033605,Industry 5.0
487,VRF_System,Supplier_A,0.9,0.92,False,,False,,False,False,144.90296525060148,9350.0,25.2,13.2,78.97192309706298,Industry 5.0
488,VRF_System,Supplier_A,0.9,0.92,False,,False,,False,False,139.98104333602078,9150.0,25.2,13.2,75.70381872898403,Industry 5.0
486,Cassette_AC,Supplier_B,0.6,0.85,True,testing,True,testing,True,False,170.54674993421577,9300.0,30.2,15.7,55.00348096551226,Industry 5.0
489,Split_AC,Supplier_C,0.4,0.78,False,,False,,False,False,136.80963367557615,6450.0,25.2,13.2,35.48442242763697,Industry 5.0
491,VRF_System,Supplier_C,0.9,0.78,True,assembly,True,assembly,True,False,124.18138793104845,7880.0,21.7,10.899999999999999,84.34854844876317,Industry 5.0
490,VRF_System,Supplier_A,0.9,0.92,False,,False,,False,False,150.3317647683325,9350.0,25.2,13.2,78.70316926100975,Industry 5.0
492,VRF_System,Supplier_A,0.9,0.92,False,,False,,False,False,133.62880587477957,9150.0,25.2,13.2,81.57158476613766,Industry 5.0
494,Split_AC,Supplier_B,0.4,0.85,False,,False,,False,False,120.88387926611995,7650.0,25.2,13.2,37.300624899924856,Industry 5.0
493,Split_AC,Supplier_A,0.4,0.92,False,,False,,False,False,144.29043529958471,9150.0,25.2,13.2,29.568523312049308,Industry 5.0
495,Split_AC,Supplier_B,0.4,0.85,False,,False,,False,False,138.1842583436519,7450.0,25.2,13.2,45.87153647414088,Industry 5.0
497,Split_AC,Supplier_C,0.4,0.78,False,,False,,False,False,134.54395170473617,6450.0,25.2,13.2,42.78055421075134,Industry 5.0
499,VRF_System,Supplier_A,0.9,0.92,False,,False,,False,False,127.32081588580968,9150.0,25.2,13.2,75.88503262236425,Industry 5.0
496,Cassette_AC,Supplier_C,0.6,0.78,False,,False,,False,False,162.7943864316403,6650.0,25.2,13.2,58.51016836298021,Industry 5.0
498,VRF_System,Supplier_A,0.9,0.92,False,,False,,False,False,178.1801335989394,9350.0,25.2,13.2,72.86132783719665,Industry 5.0
